review,Folio Solicitud,Tipo PST,Nombre Comercial,Calle,Colonia,Estado,Municipio
,2160530124,Alimentos y bebidas,LA CASONA DE LAS ROSAS,Santiago Tapia,Centro Histórico,Michoacán de Ocampo,Morelia
,4160530402,Agencia de viajes,MORELIA TOURS,MARIANO ARISTA,Chapultepec Oriente,Michoacán de Ocampo,Morelia
,4160530294,Agencia de viajes,VIAJES EL CORTE INGLES,AV. LIC ENRIQUE RAMIREZ MIGUEL,Las Américas,Michoacán de Ocampo,Morelia
,4160530725,Agencia de viajes,Ckafer Travel,Jalisco,Isaac Arriaga,Michoacán de Ocampo,Morelia
,1160530223,Hospedaje,HOTEL RYMMA,GUADALUPE VICTORIA,CENTRO,Michoacán de Ocampo,Morelia
,1160520029,Hospedaje,HOTEL YUNUEN,JAVIER MINA,Centro,Michoacán de Ocampo,Lázaro Cárdenas
,4160750019,Agencia de viajes,VIAJES ABORDO,Ignacio Zaragoza .,Centro,Michoacán de Ocampo,Los Reyes
,4161080068,Agencia de viajes,VIAJES ABORDO,Avenida,El Duero,Michoacán de Ocampo,Zamora
,4160530382,Agencia de viajes,VIVEAVENTURA,Cuautla,Juárez,Michoacán de Ocampo,Morelia
,4160530562,Agencia de viajes,Hilpa Travels,Avenida Michoacán,Melchor Ocampo,Michoacán de Ocampo,Morelia
,2160530114,Alimentos y bebidas,Tortas y Jugos El Mago,Avenida Camelinas,Cinco de Diciembre,Michoacán de Ocampo,Morelia
,4160530844,Agencia de viajes,PROFESSIONAL TOURS MX,Avenida Periodismo .,Nueva Valladolid,Michoacán de Ocampo,Morelia
,4160530863,Agencia de viajes,AGENCIA DE VIAJES MIRAMAR,Gardenia .,Las Margaritas,Michoacán de Ocampo,Morelia
,4160530859,Agencia de viajes,Venturismo Campestre,Av. Del Campestre .,Campestre Morelia,Michoacán de Ocampo,Morelia
,1161080011,Hospedaje,HOTEL MÉXICO,5 de Mayo,Jardinadas,Michoacán de Ocampo,Zamora
,1160530140,Hospedaje,HOTEL HOLIDAY INN EXPRESS MORELIA CENTRO HISTORICO,Portal Hidalgo,Centro Histórico,Michoacán de Ocampo,Morelia
,2161020198,Alimentos y bebidas,Patria Mia Cantina y Cocina Rustica,Avenida Latinoamericana,Huertas Del Cupatitzio,Michoacán de Ocampo,Uruapan
,1160669861,Hospedaje,Hotel Porton del Cielo,Camino Real al Estribo,El Calvario,Michoacán de Ocampo,Pátzcuaro
,4161080064,Agencia de viajes,VIAJARTE ZAMORA,Sabi .,Fuentes,Michoacán de Ocampo,Zamora
,4160530258,Agencia de viajes,Viajes Aned,Avenida del Maestro,Lomas de Hidalgo,Michoacán de Ocampo,Morelia
,4161100004,Agencia de viajes,L&L Travel,Melchor Ocampo,Zinapécuaro de Figueroa Centro,Michoacán de Ocampo,Zinapécuaro
,4160430797,Agencia de viajes,LAS 3 MARIAS TOURS,Aquiles Serdan .,Centro,Michoacán de Ocampo,Jacona
,2160530145,Alimentos y bebidas,MAMMUT PIZZA,AV MADERO ORIENTE,CENTRO,Michoacán de Ocampo,Morelia
,4160530833,Agencia de viajes,MI POSTAL AGENCIA DE VIAJES by FraVEO,Avenida José Nicólas de Michelena .,Mariano Michelena,Michoacán de Ocampo,Morelia
,4160530835,Agencia de viajes,VIAJES FRA&MA,Laguna de Parras .,Ventura Puente,Michoacán de Ocampo,Morelia
,4161020210,Agencia de viajes,D´oreli Agencia Turística,Aldama,Uruapan Centro,Michoacán de Ocampo,Uruapan
,4161020076,Agencia de viajes,Mundo Turistico Uruapan,Calle del Niño,Casa Del Niño,Michoacán de Ocampo,Uruapan
,27160530007,Agencia integradora de servicios,CECONEXPO,Avenida Ventura Puente,Félix Ireta,Michoacán de Ocampo,Morelia
,4160680004,Agencia de viajes,TRAVEL B&K´S,Niños Heroes .,Pueblo San Francisco,Michoacán de Ocampo,Peribán
,4160530581,Agencia de viajes,Michelle Travel´s,Juan Delgado,Granjas del Maestro,Michoacán de Ocampo,Morelia
,31160530095,Guía de turistas,RODRIGO ROSALES RUANO,Nicolás León,Camelinas,Michoacán de Ocampo,Morelia
,4160060024,Agencia de viajes,Corazón Viajero Zafiro,Cornelio de Zarate .,Benito Juárez,Michoacán de Ocampo,Apatzingán
,1161000005,Hospedaje,Cabañas Irekua,Aristeo Mercado Poniente ,Ichupio,Michoacán de Ocampo,Tzintzuntzan
,4160530616,Agencia de viajes,Agencia de Viajes Jadde Suc. Vasco,Alfareros de Capula ,Vasco de Quiroga,Michoacán de Ocampo,Morelia
,1160530146,Hospedaje,Hotel Fenix,Avenida Madero Poniente,Centro Histórico,Michoacán de Ocampo,Morelia
,1160520006,Hospedaje,HOTEL DELFIN,Avenida Lázaro Cárdenas .,Centro,Michoacán de Ocampo,Lázaro Cárdenas
,4161020253,Agencia de viajes,IBERDRIVE LUXURY TRAVEL,Caracas .,Jardines de Cupatitzio,Michoacán de Ocampo,Uruapan
,4160530856,Agencia de viajes,GLOBAL,Vicente Santa María .,Felix Ireta,Michoacán de Ocampo,Morelia
,4161020176,Agencia de viajes,Excursiones Bere,Ricardo Flores Magón,Periodista,Michoacán de Ocampo,Uruapan
,4160340017,Agencia de viajes,Agencia de Viajes Venecia,Cuauhtémoc Norte,Ciudad Hidalgo Centro,Michoacán de Ocampo,Hidalgo
,2161020177,Alimentos y bebidas,Starbucks Coffee C.C Uruapan ,Blvd. Industrial .,Villa Uruapan,Michoacán de Ocampo,Uruapan
,2160530082,Alimentos y bebidas,Starbucks Coffee Paseo Morelia ,Av. Montaña Monarca .,Montaña Monarca I,Michoacán de Ocampo,Morelia
,4160530804,Agencia de viajes,TTM TOURS OPERADORA,Ignacio Zaragoza .,Centro,Michoacán de Ocampo,Morelia
,4160530601,Agencia de viajes,Meraki Travel,Alberto Coria,Primo Tapia,Michoacán de Ocampo,Morelia
,4160530814,Agencia de viajes,VIAJES KATTY,Avenida Apostol de la Raza Maya .,Jesús Romero Flores,Michoacán de Ocampo,Morelia
,2160530143,Alimentos y bebidas,AJUUA! ARRACHERAS AL CARBON,Boulevard García de León .,Chapultepec Oriente,Michoacán de Ocampo,Morelia
,11160030001,Arrendadora de autos,Hertz,Vialidad Int. Zona Arrendadoras .27,Álvaro Obregón,Michoacán de Ocampo,Álvaro Obregón
,11160530001,Arrendadora de autos,Dollar,Carr Morelia Zinapecuaro Km 27,Álvaro Obregón,Michoacán de Ocampo,Álvaro Obregón
,11200670004,Arrendadora de autos,Hertz,Interior del Aeropuerto Xoxocotlan,Álvaro Obregón,Michoacán de Ocampo,Álvaro Obregón
,11280270001,Arrendadora de autos,Hertz,Carretera de Piedras Negras 5 Independencia,Álvaro Obregón,Michoacán de Ocampo,Álvaro Obregón
,4160880684,Agencia de viajes,M&D VIAJES,Avenida Marfil rte .,Fraccionamiento Paseo del Erandeni,Michoacán de Ocampo,Tarímbaro
,4160530830,Agencia de viajes,JACOBS VIAJES,David Alfaro Siqueiros .,Fraccionamiento Diego Rivera,Michoacán de Ocampo,Morelia
,4160750020,Agencia de viajes,All-Ways Tour Mexico ,Torres Puntero .,Centro ,Michoacán de Ocampo,Los Reyes
,4160500005,Agencia de viajes,Sarabia Trips,Jose Maria Morelos .,Jose Maria Morelos,Michoacán de Ocampo,Maravatío
,4160510002,Agencia de viajes,"HISTORIA PARA NO HISTORIADORES, VIAJES",,Chapultepec y Cuahutemoc,Michoacán de Ocampo,Marcos Castellanos
,2161020241,Alimentos y bebidas,TULUA ORIGEN,Alvaro Obregón .,Centro,Michoacán de Ocampo,Uruapan
,4160530799,Agencia de viajes,VIAJECITO,Tz zuntzan .,Erendira,Michoacán de Ocampo,Morelia
,2160660032,Alimentos y bebidas,DESTILERIA CASA SANTA CLARA,Carretera Federal Patzcuaro-Quiroga 1907 . 17,Tzurumutaro,Michoacán de Ocampo,Pátzcuaro
,4160530815,Agencia de viajes,VE VIAJANDO,Calle de los Pavos .,Fraccionamiento La Hacienda ,Michoacán de Ocampo,Morelia
,4160530436,Agencia de viajes,Escala Tour,Paseo de la República .,Prados de la Huerta,Michoacán de Ocampo,Morelia
,4161080069,Agencia de viajes,Explorar Lugares Travels ,Priv. Takari .,Fraccionamiento Kuntani ,Michoacán de Ocampo,Zamora
,1160450002,Hospedaje,HOTEL BUGAMBILIAS,Avenida Circunvalación,Jiquilpan de Juárez Centro,Michoacán de Ocampo,Jiquilpan
,4160530868,Agencia de viajes,Venturismo Obelisco,Av. Francisco I. Madero Pte. .,Molino de Parras,Michoacán de Ocampo,Morelia
,4160530719,Agencia de viajes,TRIP & TRIP,Bucareli,Cinco de Mayo,Michoacán de Ocampo,Morelia
,4161020244,Agencia de viajes,STAR VIAJES,Gral. José Zamora .,Emiliano Zapata,Michoacán de Ocampo,Uruapan
,4160530805,Agencia de viajes,ORIGAMI TRAVEL,Pichataro,Lomas de Guayangareo,Michoacán de Ocampo,Morelia
,2161000005,Alimentos y bebidas,Restaurante La Huatapera,Avenida Lázaro Cárdenas .,Tzitzuntzan,Michoacán de Ocampo,Tzintzuntzan
,2160530085,Alimentos y bebidas,Domino´s Pizza Campestre,Av. Enrique Ramírez Miguel ,Chapultepec Oriente,Michoacán de Ocampo,Morelia
,1161020108,Hospedaje,Hotel Holiday Inn Uruapan,Boulevard Industrial,Villa Uruapan,Michoacán de Ocampo,Uruapan
,4160340023,Agencia de viajes,SUNRISE TRAVEL,Zirahuen .,San Antonio de la Palma,Michoacán de Ocampo,Hidalgo
,1160820009,Hospedaje, Hotel del Bosque,Gral. Francisco J. Múgica,Tacambaro de Codallos Centro,Michoacán de Ocampo,Tacámbaro
,4160530698,Agencia de viajes,FAS TRAVEL,Cuautla,Centro Histórico,Michoacán de Ocampo,Morelia
,4160530283,Agencia de viajes,RED MOON TRAVEL,Tezontle,INFONAVIT La Colina,Michoacán de Ocampo,Morelia
,4160530860,Agencia de viajes,VENTURISMO OROZCO,periodista ,Jardines de la Loma,Michoacán de Ocampo,Morelia
,31160530084,Guía de turistas,Omar Guzman Aguilar,Jose Miguel de Oñate,Mariano Escobedo,Michoacán de Ocampo,Morelia
,4160530598,Agencia de viajes,Valparaiso Travel Shop,Cerrada Rincón de Popoyuca .,Rincón Quieto,Michoacán de Ocampo,Morelia
,2160530086,Alimentos y bebidas,Domino´s Pizza Camelinas,Avee. Camelinas .,Félix Ireta,Michoacán de Ocampo,Morelia
,31160530111,Guía de turistas,Zayra Lizbeth Arroyo Cerda,Josefa Ortiz de Dominguez .,Bocanegra,Michoacán de Ocampo,Morelia
,4160530816,Agencia de viajes,DERIVE,Periferico Paseo de la República .,5 de Diciembre,Michoacán de Ocampo,Morelia
,31160530112,Guía de turistas,Alfredo de la Cruz Ibarra,Braulio Mercado,Congreso Constituyente de Michoacán,Michoacán de Ocampo,Morelia
,4160430003,Agencia de viajes,Aterrizando Destinos,Avenida Madero Sur,Jacona de Plancarte Centro,Michoacán de Ocampo,Jacona
,4160530459,Agencia de viajes,Vive Morelia,Primer Congreso Constituyente,Francisco J. Múgica,Michoacán de Ocampo,Morelia
,4160530537,Agencia de viajes,VIAJES Y EXCURSIONES GOMEZ,Janitzio,Félix Ireta,Michoacán de Ocampo,Morelia
,2160530146,Alimentos y bebidas,LA CABAÑA DEL GÜERO MAX,Avenida Madero .,Sindurio,Michoacán de Ocampo,Morelia
,4160530851,Agencia de viajes,BLUE PANORAMA,Avenida de la Cantera .,Fracc. Villas del Pedregal,Michoacán de Ocampo,Morelia
,4161080038,Agencia de viajes,VIAJES UNIVERSALES,Allende,Zamora de Hidalgo Centro,Michoacán de Ocampo,Zamora
,1160669810,Hospedaje,Hotel Posada de Don Vasco,Lázaro Cárdenas,Pátzcuaro Centro,Michoacán de Ocampo,Pátzcuaro
,1160530212,Hospedaje,Hotel San Miguel,Avenida Francisco I. Madero Poniente .,Centro Histórico,Michoacán de Ocampo,Morelia
,4160530706,Agencia de viajes,Maravilla Travel,José Ma. Izazaga .,Ejidal Tres Puentes,Michoacán de Ocampo,Morelia
,4160530400,Agencia de viajes,GUAFER Transportación y Viajes,Mariano Abasolo,Centro Histórico,Michoacán de Ocampo,Morelia
,4160530807,Agencia de viajes,PETAKAS,Alh´ndiga de Granaditas .,Fracc. Libertad,Michoacán de Ocampo,Morelia
,4160530808,Agencia de viajes,VIAJEZZITO,Avenida Universidad .,Los Pinos de Michoacán,Michoacán de Ocampo,Morelia
,4160530817,Agencia de viajes,MARROSA TRAVEL,Dalia .,Las Flores,Michoacán de Ocampo,Morelia
,1160530122,Hospedaje,Hotel Las Americas,Avenida Camelinas,Cinco de Diciembre,Michoacán de Ocampo,Morelia
,1161080002,Hospedaje,HOTEL RAMVAL,Amado Nervo Poniente,Zamora de Hidalgo Centro,Michoacán de Ocampo,Zamora
,4160530836,Agencia de viajes,RS VIAJES LA HUERTA,Virgo .,Fraccionamiento Cosmos,Michoacán de Ocampo,Morelia
,4161020248,Agencia de viajes,RS VIAJES TATAKERI,Reforma .,Centro,Michoacán de Ocampo,Uruapan
,4161100007,Agencia de viajes,RS VIAJES ZINAPECUARO,Mag lia .,Los Parajes,Michoacán de Ocampo,Zinapécuaro
,4161020249,Agencia de viajes,AGENCIA SAN MIGUEL,Unión .,Lázaro Cárdenas Norte ,Michoacán de Ocampo,Uruapan
,4160530711,Agencia de viajes,EXCEL TOURS CHAPULTEPEC SUR,Batalla de Casa Mata,Chapultepec Sur,Michoacán de Ocampo,Morelia
,4160530712,Agencia de viajes,Levita Tours,Avenida Morelos Norte,Centro Histórico,Michoacán de Ocampo,Morelia
,4161020167,Agencia de viajes,Agencia de Viajes y Excursiones Nueva Imagen,Álvaro Obregón,Uruapan Centro,Michoacán de Ocampo,Uruapan
,4160530852,Agencia de viajes,MAGIC ILLUSION TRAVEL,José Miguel de Oñate .,Mariano Escobedo,Michoacán de Ocampo,Morelia
,1161120003,Hospedaje,HOTEL ROSALES DEL VALLE,Revolución Sur,Melchor Ocampo,Michoacán de Ocampo,Zitácuaro
,4160530861,Agencia de viajes,PINKY TRAVEL,Martín Castrejón .,Felicitas del Río,Michoacán de Ocampo,Morelia
,31160530106,Guía de turistas,Diana González García,Francisco Michelena .,Héroes Insurgentes,Michoacán de Ocampo,Morelia
,4160510001,Agencia de viajes,LG Travel,Luis Gonzalez .,Centro,Michoacán de Ocampo,Marcos Castellanos
,4160530408,Agencia de viajes,KL Agencia de Viajes,Rayón,Centro Histórico,Michoacán de Ocampo,Morelia
,4160530409,Agencia de viajes,VIAJES PARCOURS,Mercado Vasco de Quiroga Local,Vasco de Quiroga,Michoacán de Ocampo,Morelia
,4161020246,Agencia de viajes,NEW PLACE MEXICO,,Fracc. Villa Uruapan,Michoacán de Ocampo,Uruapan
,4161020245,Agencia de viajes,VM Viajes,Honduras .,Colorín ,Michoacán de Ocampo,Uruapan
,2160530140,Alimentos y bebidas,MI LOLA,Avenida Camelinas .,Las Camelinas,Michoacán de Ocampo,Morelia
,2160530141,Alimentos y bebidas,MI LOLA,Avenida Juan Pablo Segundo .,Lomas de Santa María,Michoacán de Ocampo,Morelia
,4160640002,Agencia de viajes,Agencia de Viajes de Caché,Nacional .,Lázaro Cardenas,Michoacán de Ocampo,Parácuaro
,4160530619,Agencia de viajes,Gran Turismo Viajes,Av. Camelinas,Las Américas,Michoacán de Ocampo,Morelia
,31160530038,Guía de turistas,Audrey Sinaí Méndez Gómez,Manantiales de Morelia,Campestre los Manantiales,Michoacán de Ocampo,Morelia
,4160530599,Agencia de viajes,Cumple Tu Viaje,Fray Matías de Escobar,Lázaro Cárdenas,Michoacán de Ocampo,Morelia
,4160530664,Agencia de viajes,ESCAPANDOTE MORELIA,Fuentes de Morelia,Fuentes de Morelia,Michoacán de Ocampo,Morelia
,4160530832,Agencia de viajes,Travel To Far Far Away,Siervo de la Nación .,Lomas del Valle,Michoacán de Ocampo,Morelia
,5160530024,Transportadora turística,VIAJES TURIS MAR,Presa de Valseguillo .,Fraccionamiento Valle de los Reyes,Michoacán de Ocampo,Morelia
,4160530465,Agencia de viajes,ROME TOURS AGENCIA DE VIAJES,Avenida Decima,Guadalupe,Michoacán de Ocampo,Morelia
,2160530125,Alimentos y bebidas,EL POLLO LOCO (SUCURSAL LAZARO CARDENAS),Avenida Lázaro Cárdenas,Chapultepec Norte,Michoacán de Ocampo,Morelia
,4161123942,Agencia de viajes,Xinass Tour ,Doctor Emilio Garcia Sur,Centro,Michoacán de Ocampo,Zitácuaro
,2160530078,Alimentos y bebidas,Starbucks Coffee,Av. Mirrey Mendoza .,Félix Ireta,Michoacán de Ocampo,Morelia
,1160520032,Hospedaje,Hotel Capi Beach,Emilia Zapata,Playa Azul,Michoacán de Ocampo,Lázaro Cárdenas
,4160820012,Agencia de viajes,ROMA,Ruben Romero .,Colorin,Michoacán de Ocampo,Tacámbaro
,2160530095,Alimentos y bebidas,Domino´s Pizza Macroplaza Estadio.,Periferico Paseo de la Republica .,Lago I,Michoacán de Ocampo,Morelia
,4160910001,Agencia de viajes,Viajeros Punto Mx ,Maria Matamoros .,La Purísima ,Michoacán de Ocampo,Tingüindín
,1160530123,Hospedaje,Grand Cantalagua Hotel Morelia,Pirindas .,Félix Ireta,Michoacán de Ocampo,Morelia
,4160530850,Agencia de viajes,CONTINENTAL TOURS,Avenida Michoacán .,Las Margaritas,Michoacán de Ocampo,Morelia
,4160340024,Agencia de viajes,SUNRISE TRAVEL,Zirahuen .,San Antonio de las Palmas,Michoacán de Ocampo,Hidalgo
,2161020240,Alimentos y bebidas,ALOHA,Independencia .,Barrio Santo Santiago,Michoacán de Ocampo,Uruapan
,2160530079,Alimentos y bebidas,Starbucks Coffee Morelia Campestre,Av. Enrique Ramirez Miguel .,Chapultepec Oriente,Michoacán de Ocampo,Morelia
,4161070014,Agencia de viajes,Agencia de Viajes VIAZA Tours,5 de Mayo,Zacapu Centro,Michoacán de Ocampo,Zacapu
,4161020180,Agencia de viajes,SCARETT TRAVEL,Francisco Villa,Morelos,Michoacán de Ocampo,Uruapan
,2161080007,Alimentos y bebidas,Starbucks Coffee Zamota D.T,Av. Francisco I. Madero .,La Luneta,Michoacán de Ocampo,Zamora
,2160520078,Alimentos y bebidas,Starbucks Coffee Ciudad Lázaro Cárdenas,Av. Palmas .,El Palmar,Michoacán de Ocampo,Lázaro Cárdenas
,2160530084,Alimentos y bebidas,Starbucks Coffee La Huerta,Calz. La Huerta .,La Huerta,Michoacán de Ocampo,Morelia
,4160530742,Agencia de viajes,Naniri Travel Morelia,Capitán Miguel Carrillo .,Jardines de Guadalupe,Michoacán de Ocampo,Morelia
,2161020103,Alimentos y bebidas,Cocina M,Paseo Lázaro Cárdenas,Huertas Del Cupatitzio,Michoacán de Ocampo,Uruapan
,1160669877,Hospedaje,Estancia de la Era B&B,Espejo,Pátzcuaro Centro,Michoacán de Ocampo,Pátzcuaro
,1161120018,Hospedaje,Los Solaches Hotel y Restaurante,Cipres,Manga de Clavo,Michoacán de Ocampo,Zitácuaro
,1161070004,Hospedaje,Hotel Los Yoyos,Avenida Mártires de Uruapan,Zacapu Centro,Michoacán de Ocampo,Zacapu
,2161070002,Alimentos y bebidas,Restauran Los Yoyos,Avenida Mártires de Uruapan,Zacapu Centro,Michoacán de Ocampo,Zacapu
,4160530869,Agencia de viajes,MX Travel Morelia,Agustín Melgar .,Chapultepec Sur,Michoacán de Ocampo,Morelia
,4160750005,Agencia de viajes,UNIVERSUM VIAJES,Abasolo Esquina Rayón ,Centro,Michoacán de Ocampo,Los Reyes
,1160530156,Hospedaje,HOTEL HISTORIA,Ignacio Allende,Centro Histórico,Michoacán de Ocampo,Morelia
,4160530312,Agencia de viajes,ALCAMAR VIAJES,PABLO JOSE PEGUERO,La Soledad,Michoacán de Ocampo,Morelia
,1160530221,Hospedaje,Hotel Mesón de los Remedios,Abasolo,Centro Histórico,Michoacán de Ocampo,Morelia
,4160530738,Agencia de viajes,Viaja con Colibrí,Ex Hacienda de Cantabria .,Residencial San José de la Huerta,Michoacán de Ocampo,Morelia
,2161020237,Alimentos y bebidas,SIDURI SNACK AND BAR,Avenida Lati americana .,La Magdalena,Michoacán de Ocampo,Uruapan
,2161020181,Alimentos y bebidas,Domino´s Pizza Plaza Agora,Boulevard Industrial .,Villa Uruapan,Michoacán de Ocampo,Uruapan
,2160530144,Alimentos y bebidas,Café Acueducto ,Av. Acueducto .,Chapultepec Norte,Michoacán de Ocampo,Morelia
,4160530747,Agencia de viajes,Xkapadas.mx,Avenida Paraguay,Las Américas,Michoacán de Ocampo,Morelia
,4160530764,Agencia de viajes,Imacop Tour ,Periférico Paseo de la Republica ,Camelinas,Michoacán de Ocampo,Morelia
,4160530849,Agencia de viajes,VIAJES Y TRASLADOS JJ,Retor La Calera .,Fracc. Arko San Antonio,Michoacán de Ocampo,Morelia
,4160530848,Agencia de viajes,WAYAK AGENCIA DE VIAJES,Avenida Acueducto,Vasco de Quiroga,Michoacán de Ocampo,Morelia
,4160530847,Agencia de viajes,ME-GA TOURS,Joaquín de la Cantoya y Rico .,Jardines de Guadalupe,Michoacán de Ocampo,Morelia
,2160520001,Alimentos y bebidas,La Gamba Complejo Turístico,Boulevard Bicentenario,Centro,Michoacán de Ocampo,Lázaro Cárdenas
,4160100001,Agencia de viajes,Viaja +,Avenida Lázaro Cardenas,Centro ,Michoacán de Ocampo,Arteaga
,2160550001,Alimentos y bebidas,RESTAURANT 4 CAMINOS,Avenida Lázaro Cárdenas,Nueva Italia de Ruiz,Michoacán de Ocampo,Múgica
,1160669841,Hospedaje,Hotel Los Escudos,Portal Hidalgo,Pátzcuaro Centro,Michoacán de Ocampo,Pátzcuaro
,4160530800,Agencia de viajes,YOUP TRAVEL,Vasco de Quiroga .,Ventura Puente,Michoacán de Ocampo,Morelia
,1160820002,Hospedaje,Posada Santo Niño,José María Morelos .,Tacambaro de Codallos Centro,Michoacán de Ocampo,Tacámbaro
,4160820007,Agencia de viajes,Agencia Estudiantil de Intercambio Travel 2 Learn,Madero Oriente,Tacambaro de Codallos Centro,Michoacán de Ocampo,Tacámbaro
,1160750001,Hospedaje,HOTEL POSADA DON CHEMA,Morelos,Centro,Michoacán de Ocampo,Los Reyes
,4160530829,Agencia de viajes,Viajes Económicos Monarca By Fraveo,Cerrada Pi .,Paraiso Monarca III Etapa,Michoacán de Ocampo,Morelia
,4160530365,Agencia de viajes,Agencia de Viajes Jadde,Avenida Camelinas ,Cinco de Diciembre,Michoacán de Ocampo,Morelia
,1161020104,Hospedaje,Hotel Pie de la Sierra,Carretera Uruapan a Carapan,El Mirador,Michoacán de Ocampo,Uruapan
,1161020103,Hospedaje,Villa de Flores,Emilio Carranza ,Uruapan Centro,Michoacán de Ocampo,Uruapan
,2161020188,Alimentos y bebidas,Restaurante del Hotel Pie de la Sierra,Carretera uruapan Carapan,El Mirador,Michoacán de Ocampo,Uruapan
,4160530865,Agencia de viajes,AGENCIA DE VIAJES 'COYOTE',Isidro Huarte .,Ventura Puente,Michoacán de Ocampo,Morelia
,4161020092,Agencia de viajes,VIAJES MOSCARDO,Niza,Los Aguacates,Michoacán de Ocampo,Uruapan
,4161020225,Agencia de viajes,VIAJES MOSCARDO,Francisco Villa,Ramon Farias,Michoacán de Ocampo,Uruapan
,4160530604,Agencia de viajes,El Reloj Morelia,Paseo de la Caoba .,Prados Verdes,Michoacán de Ocampo,Morelia
,4160530809,Agencia de viajes,MUST TRAVEL,Atenas .,Villa Universidad,Michoacán de Ocampo,Morelia
,4161080065,Agencia de viajes,VIAJES PARADISE,Avenida Virrey de Mendoza .,Las Fuentes,Michoacán de Ocampo,Zamora
,1160930007,Hospedaje,QUINTA LA HUERTA,Dolores .,Trigueros,Michoacán de Ocampo,Tlalpujahua
,1160530213,Hospedaje,HOTEL ALLENDE,Allende NO,Centro Histórico,Michoacán de Ocampo,Morelia
,2160320001,Alimentos y bebidas,Komal D Liz,Carretera Erogaricuaro a Quiroga,San José Oponguio,Michoacán de Ocampo,Erongarícuaro
,4160280003,Agencia de viajes,VIAJES LUNA MAR,Privada Moreos .,Barrio San Antonio,Michoacán de Ocampo,Churintzio
,4160530801,Agencia de viajes,8A TRAVEL,Avenida Morelos rte .,Dr. Miguel Silva,Michoacán de Ocampo,Morelia
,4160830002,Agencia de viajes,Agencia de Viajes ALMAR,Aldama,Tancitaro,Michoacán de Ocampo,Tancítaro
,4160730007,Agencia de viajes,EMPACANDO VIAJES,Avenida Vicente Guerrero .,Centro,Michoacán de Ocampo,Quiroga
,4160530837,Agencia de viajes,AGENCIA DE VIAJES MAZAHUA,Batalla de CAsa Mata .,Chapultepec Sur,Michoacán de Ocampo,Morelia
,4160530713,Agencia de viajes,Ma´Or´It Travel,Paseo de las Jacarandas ,Prados Verdes,Michoacán de Ocampo,Morelia
,4160530854,Agencia de viajes,TOURUTA AGENCIA DE VIAJES Y EXCURSIONES,Reforma .,Morelos,Michoacán de Ocampo,Morelia
,1160530161,Hospedaje,HOTEL MISION CATEDRAL,Avenida Francisco I. Madero Pte.,Centro Histórico,Michoacán de Ocampo,Morelia
,34160530003,Spa,"Lenin Ramirez, SPA",Montaña Monarca Nte.,Desarrollo Montaña Monarca,Michoacán de Ocampo,Morelia
,4160730004,Agencia de viajes,VIVE TOURS,Avenida Francisco I. Madero .,Centro,Michoacán de Ocampo,Quiroga
,4160530266,Agencia de viajes,Nuevos Horizontes Turismo,Hospitales NO,Vasco de Quiroga,Michoacán de Ocampo,Morelia
,4161020200,Agencia de viajes,Coleccionista de Destinos,Yucatan,Ramon Farias,Michoacán de Ocampo,Uruapan
,4160530838,Agencia de viajes,TRIPIO,Cuautla .,Juárez,Michoacán de Ocampo,Morelia
,4160530628,Agencia de viajes,Agencia de Viajes Garza,Sonora,Isaac Arriaga,Michoacán de Ocampo,Morelia
,27160530006,Agencia integradora de servicios,PARAKATA ,13 de Septiembre de 1847,Chapultepec Sur,Michoacán de Ocampo,Morelia
,4160530716,Agencia de viajes,Viajes Guido,Plan de Ayala,Jesús del Monte,Michoacán de Ocampo,Morelia
,1160240007,Hospedaje,Hotel Posada San Marcos,Avenida Aquiles Serdan,Cherán,Michoacán de Ocampo,Cherán
,4160690022,Agencia de viajes,VIAJES Y EXCURSIONES DANRUIZ,Loma San José .,Fraccionamiento Villas de las Lomas,Michoacán de Ocampo,La Piedad
,2160530129,Alimentos y bebidas,Dominos Pizza Campestre Morelia,Av. Enrique Ramirez Miguel .,Chapultepec Oriente,Michoacán de Ocampo,Morelia
,1160349987,Hospedaje,Club Tejamaniles,Camino a los Lobos,San Pedro Jácuaro (Las Joyas),Michoacán de Ocampo,Hidalgo
,2160530139,Alimentos y bebidas,El Pollo Loco Sucursal Huerta,Perifico PAseo de la Republica .,Ex Haciend de S. de la Huerta,Michoacán de Ocampo,Morelia
,2161020183,Alimentos y bebidas,Domino´s Pizza Uruapan Norte,Madrid ,Huertas Del Cupatitzio,Michoacán de Ocampo,Uruapan
,2161080009,Alimentos y bebidas,Domino´s Pizza Zamora,Virrey de Mendoza .,Jardinadas,Michoacán de Ocampo,Zamora
,2160880002,Alimentos y bebidas,Domino´s Pizza Los Sauces.,Carretera Morelia Zinapecuaro Km 2 Pad 02,El Cuitzillo Chico,Michoacán de Ocampo,Tarímbaro
,4160530695,Agencia de viajes,Let´s Go Viajes,5 de Febrero,Centro Histórico,Michoacán de Ocampo,Morelia
,2161120020,Alimentos y bebidas,RESTAURANTE BAR MI RANCHITO,"Domicilio Co cido Rosa Santa, Cami hacia el Restaurante",Rosqa Santa,Michoacán de Ocampo,Zitácuaro
,4160530858,Agencia de viajes,ANDRE´A TRAVEL,Holanda .,Infonavit Villa Universidad,Michoacán de Ocampo,Morelia
,2160530083,Alimentos y bebidas,Starbucks Coffee Ventura Puente,Calz. Ventura Poniente .,Ventura Puente,Michoacán de Ocampo,Morelia
,4160530819,Agencia de viajes,Viajes la Isla Morelia,Esmeralda .,Villas del Pedregal,Michoacán de Ocampo,Morelia
,4161080067,Agencia de viajes,PACIFIC TRAVEL ZAMORA,Avenida,20 de Noviembre,Michoacán de Ocampo,Zamora
,4160750016,Agencia de viajes,Huakai,Circuito México .,Fracc. Camelinas,Michoacán de Ocampo,Los Reyes
,4160230001,Agencia de viajes,Viajes Torres Ruiz ,Hidalgo,Chavinda,Michoacán de Ocampo,Chavinda
,4160530466,Agencia de viajes,TRAVELESIA VIAJES & TOURS,Manuel Muñiz .,Molino de Parras,Michoacán de Ocampo,Morelia
,1160669870,Hospedaje,Mansión Iturbe,Portal Morelos,Pátzcuaro Centro,Michoacán de Ocampo,Pátzcuaro
,2160660027,Alimentos y bebidas,Restaurante Doña Paca,Portal Morelos,Pátzcuaro Centro,Michoacán de Ocampo,Pátzcuaro
,4160530843,Agencia de viajes,Venturismo Altozano,Los Pi s .,Balcones de Santa María,Michoacán de Ocampo,Morelia
,4161020077,Agencia de viajes,URUAPAN TOURS,Morelos .,Uruapan Centro,Michoacán de Ocampo,Uruapan
,2160530147,Alimentos y bebidas,NUTRYZANO,Cami Primer Casa entrando,"Rancho Hojas Anchas, Umecuaro",Michoacán de Ocampo,Morelia
,1160520002,Hospedaje,City Express By Marriott Lázaro Cárdenas,Av. Las Palmas .,Centro,Michoacán de Ocampo,Lázaro Cárdenas
,4160530798,Agencia de viajes,VIAJAR ES TU DESTINO,Brigadier Manuel riega .,La Quemada,Michoacán de Ocampo,Morelia
,4160530334,Agencia de viajes,UNIVERSAL TRAVEL,Paseo de la Republica,Las Américas,Michoacán de Ocampo,Morelia
,4160880682,Agencia de viajes,"VIVIR D TOURS, Pasión por Viajar",Jazmín .,Fracc. San Bernabe de la Cantera,Michoacán de Ocampo,Tarímbaro
,4161020247,Agencia de viajes,Agencia de viajes Orozco ,SAMUEL M SANTOS,Ejercito Mexicano,Michoacán de Ocampo,Uruapan
,2161120017,Alimentos y bebidas,Domino´s Pizza Zitacuaro ,Libramiento J. Mujica,Flor de Liz,Michoacán de Ocampo,Zitácuaro
,2160530097,Alimentos y bebidas,Domino´s Pizza Libramiento ,Periferico Paseo de la Republica ,Lomas de la Huerta,Michoacán de Ocampo,Morelia
,4160730005,Agencia de viajes,Venturismo Quiroga,Av. Vasco de Quiroga PTE. .,Quiroga,Michoacán de Ocampo,Quiroga
,4160730006,Agencia de viajes,Viajes Viva Tours,Av. Francisco I. Madero .,Quiroga ,Michoacán de Ocampo,Quiroga
,4160530267,Agencia de viajes,EUROMEX VIAJES,Avenida Camelinas,Bosque Camelinas,Michoacán de Ocampo,Morelia
,4160820005,Agencia de viajes,Viajes Xpertravel mr,Avenida José Ma. Morelos .,Pedernales,Michoacán de Ocampo,Tacámbaro
,2160530006,Alimentos y bebidas,La Lampara de Aladino,Avenida Camelinas,Cinco de Diciembre,Michoacán de Ocampo,Morelia
,4161020075,Agencia de viajes,Viajes Cupatitzio,Avenida Latinoamericana,La Magdalena,Michoacán de Ocampo,Uruapan
,1161080005,Hospedaje,Auto Hotel Acuario,Carretera Federal Zamora Morelia .,Chaparaco,Michoacán de Ocampo,Zamora
,28161100001,Balneario y parque acuático,Parque Acuático Reino de Atzimba,Calzada Lázaro Cárdenas,Zinapécuaro de Figueroa Centro,Michoacán de Ocampo,Zinapécuaro
,2161100005,Alimentos y bebidas,Restaurante Cascada,Calzada Lázaro Cárdenas,Zinapécuaro de Figueroa Centro,Michoacán de Ocampo,Zinapécuaro
,2161100004,Alimentos y bebidas,Snack La Palapa,Calzada Lázaro Cárdenas,Zinapécuaro de Figueroa Centro,Michoacán de Ocampo,Zinapécuaro
,2161100006,Alimentos y bebidas,Restaurante El Mirador,Calzada Lázaro Cárdenas,Zinapécuaro de Figueroa Centro,Michoacán de Ocampo,Zinapécuaro
,1161100004,Hospedaje,Hotel Posada Los Colorines,Calzada Lázaro Cárdenas,Zinapécuaro de Figueroa Centro,Michoacán de Ocampo,Zinapécuaro
,4160530701,Agencia de viajes,CViajes,Avenida Fray Sebastián de Aparicio,Vicente Lombardo Toledano,Michoacán de Ocampo,Morelia
,4160430798,Agencia de viajes,RS VIAJES JACONA ,Madero .,Linda Vista,Michoacán de Ocampo,Jacona
,4160530864,Agencia de viajes,RS VIAJES CAPULA,Benito Juárez .,El Prendimiento,Michoacán de Ocampo,Morelia
,35160530014,Tour operador,FLOR DE CANELA TURISMO CULTURAL,Soldado de Zaragoza .,Leandro Valle,Michoacán de Ocampo,Morelia
,1160530167,Hospedaje,CASA JOSÉ MARÍA HOTEL,SANTIAGO TAPIA,Centro Histórico,Michoacán de Ocampo,Morelia
,4160530356,Agencia de viajes,Royal Tours and Travel,Rafael Dávalos,Centro Histórico,Michoacán de Ocampo,Morelia
,4160530355,Agencia de viajes,Excel Tours Suc Morelia La Loma ,Mozart,La Loma,Michoacán de Ocampo,Morelia
,2160530096,Alimentos y bebidas,Domino´s Pizza Pipila,cupetaro .,Industrial,Michoacán de Ocampo,Morelia
,4160880683,Agencia de viajes,Chrisana Travels,Carretera Morelia- Zinapecuaro 60,Fracc. Terranova II,Michoacán de Ocampo,Tarímbaro
,4160530545,Agencia de viajes,VIAJES DEL PERAL ,Avenida Lázaro Cárdenas,Chapultepec Norte,Michoacán de Ocampo,Morelia
,1161020097,Hospedaje,Hotel Mansión del Cupatitzio,Calzada de la Rodilla del Diablo .,La Quinta,Michoacán de Ocampo,Uruapan
,4160530839,Agencia de viajes,VIAJES SAM,Avenida Jesús Villanueva .,Gobernador Gildardo Magaña ,Michoacán de Ocampo,Morelia
,4160530690,Agencia de viajes,XCAPATOUR,Puente del Márquez,Tres Puentes,Michoacán de Ocampo,Morelia
,4160530637,Agencia de viajes,Niagara Travel Agency,José María Santos .,Hacienda La Trinidad,Michoacán de Ocampo,Morelia
,4161123940,Agencia de viajes,Bon Voyage VR,Degollado Oriente,Mariano Matamoros,Michoacán de Ocampo,Zitácuaro
,4161080056,Agencia de viajes,Transtur,Corregidora,Jardines de Catedral,Michoacán de Ocampo,Zamora
,4160530867,Agencia de viajes,HUELLA ALTERNA,Manantial de Co zio .,Los Manantiales de Morelia,Michoacán de Ocampo,Morelia
,2161020178,Alimentos y bebidas,Starbucks Coffee Uruapan II DT,Paseo General Lázaro Cárdenas del Río .,Los Angeles,Michoacán de Ocampo,Uruapan
,4160530426,Agencia de viajes,SERVITOURMICHOACAN,Camelia,Las Flores,Michoacán de Ocampo,Morelia
,1160530226,Hospedaje,HOTEL POSADA VISTA BELLA,Avenida Reye Tanganxoan II .,Vista Bella,Michoacán de Ocampo,Morelia
,31160930005,Guía de turistas,Josué Iván Hernández Martínez,Portal del Triunfo .,Centro,Michoacán de Ocampo,Tlalpujahua
,4160530820,Agencia de viajes,AiNid Vacations,Lomas del Condado .,Lomas de Morelia ,Michoacán de Ocampo,Morelia
,4160530821,Agencia de viajes,Vida Turística ,Cuautla .,Juárez ,Michoacán de Ocampo,Morelia
,4161020251,Agencia de viajes,BUEN VIAJE,Francisco I. Madero .,10 de Mayo,Michoacán de Ocampo,Uruapan
,31160530132,Guía de turistas,Yanira Garma Serrano,Soldado de Zaragoza .,Leandro Valle,Michoacán de Ocampo,Morelia
,1160520031,Hospedaje,Hotel María Teresa,Avenida Independencia,Playa Azul,Michoacán de Ocampo,Lázaro Cárdenas
,4160530846,Agencia de viajes,VIAJA FRECUENTE by FRAveo,Paseo del gal .,Prados Verdes,Michoacán de Ocampo,Morelia
,1160669873,Hospedaje,Hotel Real de Patzcuaro,Libramiento Ignacio Zaragoza,Pátzcuaro,Michoacán de Ocampo,Pátzcuaro
,4160530845,Agencia de viajes,Flamingo Viajes ,Virrey de Mendoza .,Félix Ireta ,Michoacán de Ocampo,Morelia
,4160880686,Agencia de viajes,VIVELO,Mateo García Villagran .,Fracc. Jardín Morelia,Michoacán de Ocampo,Tarímbaro
,4160880685,Agencia de viajes,THE TRAVEL STATION,Avenida Sierra de Yoricostio .,Fracc. Puerta del Sol,Michoacán de Ocampo,Tarímbaro
,1160669886,Hospedaje,HOTEL CAMELINAS,Cerrada Efren Urincho .,Centro,Michoacán de Ocampo,Pátzcuaro
,4160530728,Agencia de viajes,Venga Viajes Santiaguito,Avenida Sierra de Pichataro,Santiaguito,Michoacán de Ocampo,Morelia
,4161020243,Agencia de viajes,VAGABROS,Avenida Lázaro Cárdenas .,Revolución,Michoacán de Ocampo,Uruapan
,4160530802,Agencia de viajes,Yuli Tours ,Puente de Calderón .,Tres Puentes,Michoacán de Ocampo,Morelia
,31160530004,Guía de turistas,Raymundo Solorio Vargas,Erendira,Sara Malfavón,Michoacán de Ocampo,Morelia
,4160530406,Agencia de viajes,Dianeli Viajes,Ingenieros Electricistas,Buenavista I,Michoacán de Ocampo,Morelia
,4160430796,Agencia de viajes,XHUCUNANTOUR,Abasolo Sur .,Centro,Michoacán de Ocampo,Jacona
,4160530822,Agencia de viajes,VIAJES MARFORE,Andador Manantial de Quinceo .,Unidad Habitacional Manantiales,Michoacán de Ocampo,Morelia
,4160530823,Agencia de viajes,AGENCIA DE VIAJES LUMAR,Sierra Utzumatlan .,Santiaguito,Michoacán de Ocampo,Morelia
,4160530853,Agencia de viajes,FUN AND TRAVEL,Sandia,La Huerta,Michoacán de Ocampo,Morelia
,28161110001,Balneario y parque acuático,PARQUE ACUATICO BALNEARIO CARACHA,Ex Hacienda Caracha,Ziracuaretiro,Michoacán de Ocampo,Ziracuaretiro
,31160530131,Guía de turistas,Octavio Soto Rojas,Avenida Universidad .,Villa Universidad,Michoacán de Ocampo,Morelia
,4161080066,Agencia de viajes,MG VIAJES,Alicante .,Valencia Segunda Sección,Michoacán de Ocampo,Zamora
,4160530812,Agencia de viajes,ADVENTOUR MX,Avenida Universidad .,Fracc. Real Universidad,Michoacán de Ocampo,Morelia
,1160530224,Hospedaje,HOTEL BOUTIQUE MARIA,GUERRERO,CENTRO,Michoacán de Ocampo,Morelia
,4161020173,Agencia de viajes,Exytur,Paseo Lázaro Cárdenas,Los Angeles,Michoacán de Ocampo,Uruapan
,4160530606,Agencia de viajes,VAGAMUNDOS ,Constituyentes de 1824,Quinceo,Michoacán de Ocampo,Morelia
,4160780001,Agencia de viajes,AGENCIA DE VIAJES MAVENCI,Juana Pavón,Centro,Michoacán de Ocampo,Santa Ana Maya
,4160750017,Agencia de viajes,Huakai,Circuito México .,Camelinas,Michoacán de Ocampo,Los Reyes
,1160530206,Hospedaje,Hotel Florencia Regency,Avenida Lázaro Cárdenas .,Ventura Puente,Michoacán de Ocampo,Morelia
,2161020155,Alimentos y bebidas,Domino´s Pizza Agora,"Blvd. Industrial, .",Villa Uruapan,Michoacán de Ocampo,Uruapan
,1160890002,Hospedaje,HOTEL JOHANY,Carretera Tepalcatepec a Apatzingan Km,Catarino Torres,Michoacán de Ocampo,Tepalcatepec
,4160530733,Agencia de viajes,A.R. Viajes,Avenida Iretiticateme,Félix Ireta,Michoacán de Ocampo,Morelia
,2160530138,Alimentos y bebidas,AQUILES COCINA ORIENTAL,Avenida Acueducto .,Chapultepec Norte,Michoacán de Ocampo,Morelia
,4160530250,Agencia de viajes,LA Travel Wholesale Agency,Camelinas,Electricistas,Michoacán de Ocampo,Morelia
,1160550001,Hospedaje,Hotel Virginia,Avenida Lázaro Cárdenas,Nueva Italia de Ruiz,Michoacán de Ocampo,Múgica
,1160550002,Hospedaje,Hotel 4 Caminos,Carretera Uruapan a Apatzingan Km,Nueva Italia de Ruiz,Michoacán de Ocampo,Múgica
,4160530746,Agencia de viajes,Sombrero de Paja,Abasolo,Ventura Puente,Michoacán de Ocampo,Morelia
,4160530811,Agencia de viajes,AGENCIAS DE VIAJES GUAYANGAREO,Calle Mil Cumbres .,Lomas de Guayangareo,Michoacán de Ocampo,Morelia
,4160530810,Agencia de viajes,MARY TOUR AGENCIA DE VIAJES,José María Morelos .,Irapeo,Michoacán de Ocampo,Morelia
,2160530142,Alimentos y bebidas,MARISCOS MAR ROJO,Avenida Solidaridad .,Camelinas,Michoacán de Ocampo,Morelia
,4160530762,Agencia de viajes,Shopping Time Travel,Av. Cosmos .,Cosmos,Michoacán de Ocampo,Morelia
,4160060025,Agencia de viajes,AGENCIA DE VIAJES COLIBRI AVENTURERO by FRAveo,Avenida Corregidora .,El Tarepe,Michoacán de Ocampo,Apatzingán
,4161020252,Agencia de viajes,CONNECTION MX,Avenida Lati amwricana .,Huertas del Cupatitzio,Michoacán de Ocampo,Uruapan
,4160530769,Agencia de viajes,ZONA CHICK,Pirul,Rincón de Ocolusen,Michoacán de Ocampo,Morelia
,1160669883,Hospedaje,GRAN HOTEL,Plaza Gertrudis Bocanegra,Pátzcuaro Centro,Michoacán de Ocampo,Pátzcuaro
,4160530729,Agencia de viajes,Travel Time Morelia,Agata .,Lomas de la Joya,Michoacán de Ocampo,Morelia
,4160530803,Agencia de viajes,Lunaza Viajes,,Unión Popular Solidaridad,Michoacán de Ocampo,Morelia
,4160530660,Agencia de viajes,Solaz Tour,Carlos Rovirosa,Jardines de Guadalupe,Michoacán de Ocampo,Morelia
,4160530826,Agencia de viajes,6 CONTINENTES,Uacusecha .,Xangari,Michoacán de Ocampo,Morelia
,4160530824,Agencia de viajes,BOGAR TRAVEL,Privada Flor de Dalia .,Zimpanio Norte,Michoacán de Ocampo,Morelia
,1160010001,Hospedaje,HOTEL REAL ACUITZIO,,Acuitzio del Canje,Michoacán de Ocampo,Acuitzio
,31160530022,Guía de turistas,Maria de los Angeles Leyva Mercado,Avenida Ocampo Edif.,Juárez,Michoacán de Ocampo,Morelia
,4160760578,Agencia de viajes,VIAJES Y GRUPOS LUPITA,Ignacio Allende .,Centro,Michoacán de Ocampo,Sahuayo
,4160530771,Agencia de viajes,TRAVELYA,Correyuela,Lomas del Punhuato,Michoacán de Ocampo,Morelia
,4161030001,Agencia de viajes,E.XPLORERS ,Boulevard Lázaro Cárdenas .,Centro,Michoacán de Ocampo,Venustiano Carranza
,4160750021,Agencia de viajes,DESTINOSA,Nicolas Bravo .,Centro,Michoacán de Ocampo,Los Reyes
,4161020254,Agencia de viajes,NEO TOURS MX,Prolonganción Manuel Pérez Coronado .,Melchor Ocampo,Michoacán de Ocampo,Uruapan
,4160530825,Agencia de viajes,ALOHA VIAJES,Avenida Francisco I. Madero Pte. .,Nueva Valladolid,Michoacán de Ocampo,Morelia
,4160690017,Agencia de viajes,Angy Travel Agencia de Viajes by fraVEO,Pascual Orozco ,Jardines del Carmen (Peña),Michoacán de Ocampo,La Piedad
,4160530270,Agencia de viajes,Siruki Viajes,Sebastián Lerdo de Tejada .,Centro Histórico,Michoacán de Ocampo,Morelia
,1160530197,Hospedaje,HOTEL PLAZA MORELIA,Valentín Gómez Farías ,Centro Histórico,Michoacán de Ocampo,Morelia
,4160520006,Agencia de viajes,RS VIAJES LAS GUACAMAYAS,José María Morelos .,Comercial Guacamayas,Michoacán de Ocampo,Lázaro Cárdenas
,4160530840,Agencia de viajes,Gaiatto Mx ,Volcan de Paricutin .,Santiaguito ,Michoacán de Ocampo,Morelia
,4160530277,Agencia de viajes,Agencia de Viajes Yuri,Allende ,Centro Histórico,Michoacán de Ocampo,Morelia
,4160530855,Agencia de viajes,Viajes Migaru,Sánchez de Tagle,Ventura Puente ,Michoacán de Ocampo,Morelia
,4160530857,Agencia de viajes,ALPHA VIAJES,Plan de Ayala ..,Centro,Michoacán de Ocampo,Morelia
,4160530378,Agencia de viajes,Gilantro Viajes,Constituyentes ,Obrera,Michoacán de Ocampo,Morelia
,1160349976,Hospedaje,HOTEL MORENITA,Avenida Juárez,Ciudad Hidalgo Centro,Michoacán de Ocampo,Hidalgo
,4160710006,Agencia de viajes,Viajes del Recuerdo,Corregidora .,Centro,Michoacán de Ocampo,Puruándiro
,4161020215,Agencia de viajes,Tournesol Diseño de Viajes,Carrillo Puerto .,Lázaro Cárdenas,Michoacán de Ocampo,Uruapan
,1161020109,Hospedaje,REGIS,Portal Carrillo .,Centro,Michoacán de Ocampo,Uruapan
,1160530227,Hospedaje,HOTEL HOWARD JOHNSON CALLE REAL MORELIA,Avenida Francisco I. Madero Oriente .,Centro,Michoacán de Ocampo,Morelia
,4160530828,Agencia de viajes,AGENCIA DE VIAJES AMERICA,Avenida Lázaro Cárdenas .,Chapultepec Sur,Michoacán de Ocampo,Morelia
,2160540001,Alimentos y bebidas,Sergio Fulgencio Salgado,Margarita Maza de Juárez,Felicitas del Rio,Michoacán de Ocampo,Morelos
,4160530841,Agencia de viajes,NAYSA TRAVEL MORELIA,Alfareros de Capula .,Vasco de Quiroga,Michoacán de Ocampo,Morelia
,4160900001,Agencia de viajes,Agencia de Viajes La Ruta,Pipila,Primero,Michoacán de Ocampo,Tingambato
,4160530862,Agencia de viajes,TRAVEL DELUXE - JM,Avenida Periodismo .,Rector Hidalgo,Michoacán de Ocampo,Morelia
,2160530130,Alimentos y bebidas,Domino´s Pizza Madero Poniente,Av. Madero Poniente .,Nueva Valladolid,Michoacán de Ocampo,Morelia
,31160530133,Guía de turistas,GILBERTO SOSA RANGEL,Carmen Serdan .,Tacicuaro,Michoacán de Ocampo,Morelia
,4160530388,Agencia de viajes,Dreams Travel,Paseo de la Caoba,Prados Verdes,Michoacán de Ocampo,Morelia
,4160530726,Agencia de viajes,Valeria Tours,Juan de la Barrera,Chapultepec Sur,Michoacán de Ocampo,Morelia
,31160530130,Guía de turistas,CELIFLORA ROMERO SERRATO ,Cerrada Pedro Contreras Elizalde .,Villas del Real,Michoacán de Ocampo,Morelia
,28160340004,Balneario y parque acuático,BALNEARIO CAMPAMENTO TURISTICO RANCHO VIEJO LOS AZUFRES,Carretra San Pedro Jacuaro - Jerahuaro N/A,Los Azufres,Michoacán de Ocampo,Hidalgo
,2161020236,Alimentos y bebidas,ASADOR DEL PIBE,Mazatlán .,Huertas del Cupatitzio,Michoacán de Ocampo,Uruapan
,2161020164,Alimentos y bebidas,Restaurant Bar Rincón de Aguililla,Avenida Chiapas,Ramon Farias,Michoacán de Ocampo,Uruapan
,4160530417,Agencia de viajes,Viajes Moncada,Avenida Francisco I. Madero Pte.,Jardines de Sindurio,Michoacán de Ocampo,Morelia
,1160530225,Hospedaje,HOTEL CASA DEL VIRREY & SUITES,Calle Trabajo .,Centro,Michoacán de Ocampo,Morelia
,4160530813,Agencia de viajes,AINAT VACATIONS SAS,Lomas del Condado .,Lomas de Morelia,Michoacán de Ocampo,Morelia
,2161020238,Alimentos y bebidas,PARTY CAKE,PARIS,HUERTAS DEL CUPATITZIO,Michoacán de Ocampo,Uruapan
,4160530831,Agencia de viajes,MEVAK AGENCIA DE VIAJES,José María Olvera,Nueva Chapultepec,Michoacán de Ocampo,Morelia
,4160750018,Agencia de viajes,TOURS MARIMAR,Ura,El Sol,Michoacán de Ocampo,Los Reyes
,4160530842,Agencia de viajes,RS VIAJES ALVARO OBREGON,Aquiles Serdan .,Alvaro Obregón,Michoacán de Ocampo,Morelia
,4160880687,Agencia de viajes,AGENCIA  DE VIAJES YOX,Circuito Pirul .,Hacienda El Encanto,Michoacán de Ocampo,Tarímbaro
,1161020081,Hospedaje,HOTEL DEL PARQUE,Independencia,Santiago,Michoacán de Ocampo,Uruapan
,31160530057,Guía de turistas,Hiriam del Valle Juárez,Aldama de Rayon,Centro Histórico,Michoacán de Ocampo,Morelia
,4160530721,Agencia de viajes,Viajes Angele,Avenida Torreón Nuevo,Ampliación Gertrudis Sánchez,Michoacán de Ocampo,Morelia
,4160530730,Agencia de viajes,Viajes Reyes,Andres Quinta Roo,Juárez,Michoacán de Ocampo,Morelia
,1160530119,Hospedaje,Hotel Horizon y Convention Center,Periférico Paseo de la República,Poblado Ocolusen,Michoacán de Ocampo,Morelia
,4160530834,Agencia de viajes,GAIATTO MX,Volcán Paricutín .,Santiaguito,Michoacán de Ocampo,Morelia
,4160530620,Agencia de viajes,Habana Travel,Juan Escutia,Chapultepec Norte,Michoacán de Ocampo,Morelia
,1161020110,Hospedaje,HOTEL EL TARASCO ,Independencia .,Centro,Michoacán de Ocampo,Uruapan
,2161020239,Alimentos y bebidas,RESTAURANTE KERI TIREKUA,Independencia .,Centro,Michoacán de Ocampo,Uruapan
,1160530228,Hospedaje,HOTEL ONE MORELIA,Avendia Insurgentes .,Lomas de Hidalgo,Michoacán de Ocampo,Morelia
,31160530059,Guía de turistas,Patricia Sánchez Pérez,Raiz de Nogal,Sentimientos de la Nación,Michoacán de Ocampo,Morelia
,2160530065,Alimentos y bebidas,Dominos Pizza Camelinas,"Av. Camelinas, .",Félix Ireta,Michoacán de Ocampo,Morelia
,4160530731,Agencia de viajes,"Nómadas, Viajeros por el Mundo",Vicente Santa Maria,Félix Ireta,Michoacán de Ocampo,Morelia
,2160530081,Alimentos y bebidas,Starbucks Coffee Camelinas Morelia,Av. Camelias .,Camelinas,Michoacán de Ocampo,Morelia
,4160530611,Agencia de viajes,Agencia de Viajes Morelia,Colcheros de Parangaricutiro,Vasco de Quiroga,Michoacán de Ocampo,Morelia
,4160550003,Agencia de viajes,FAZA TOURS AGENCIA DE VIAJES,Articulo,Centro,Michoacán de Ocampo,Múgica
,0416102e5d942,Agencia de viajes,VIVA VIAJANDO,EMILIO CARRANZA,Santiago,Michoacán de Ocampo,Uruapan
,04160668ffca3,Agencia de viajes,PIXEL TRAVEL,Ibarra,Pátzcuaro Centro,Michoacán de Ocampo,Pátzcuaro
,0416075d4e222,Agencia de viajes,RS VIAJES LOS SALGADO REYES,16 de Septiembre,Centro,Michoacán de Ocampo,Los Reyes
,041605349b492,Agencia de viajes,SIN FRONTERAS,Acueducto,Valle de las Flores,Michoacán de Ocampo,Morelia
,0416053616d7a,Agencia de viajes,VIAJES FARFAN,Astrapa,Eduardo Ruiz,Michoacán de Ocampo,Morelia
,0416053e692ab,Agencia de viajes,SKBAL,Manuel Muniz,Juárez,Michoacán de Ocampo,Morelia
,0416053cccecc,Agencia de viajes,Agencia de Viajes DELFA,Pedro Patino y Gallardo,Ampliación Jardines de Torremolinos,Michoacán de Ocampo,Morelia
,0216066bf23e3,Alimentos y bebidas,Loretta Café Colonial,Portal Aldama,Pátzcuaro Centro,Michoacán de Ocampo,Pátzcuaro
,0416082392382,Agencia de viajes,RS Viajes Tacámbaro de Codallos,Lazaro Cardenas,Tacambaro de Codallos Centro,Michoacán de Ocampo,Tacámbaro
,04160665ad3cb,Agencia de viajes,LARO´Z TRAVEL AGENCIA DE VIAJES,General Pueblita,Ampliación Ignacio Zaragoza,Michoacán de Ocampo,Pátzcuaro
,04160093b65ec,Agencia de viajes,SIGATOURS SUC. ARIO,Rivas,Ario de Rosales,Michoacán de Ocampo,Ario
,041605331bbb9,Agencia de viajes,Pata de Perro,Garcia Obeso,Félix Ireta,Michoacán de Ocampo,Morelia
,0416034ddd410,Agencia de viajes,Travel Roavvi,Allende,Huajúmbaro,Michoacán de Ocampo,Hidalgo
,041605324deaa,Agencia de viajes,EUROVIAJES MORELIA,Avenida Universidad 1677 ,Villa Universidad,Michoacán de Ocampo,Morelia
,0416088670f43,Agencia de viajes,Jireh Tours,Neptuno,Privadas del Sol,Michoacán de Ocampo,Tarímbaro
,0416053bfb367,Agencia de viajes,Onboard,Martin Castrejon,Felicitas del Río,Michoacán de Ocampo,Morelia
,041610266059c,Agencia de viajes,Viajes Uruapan Diamante,Pino Suárez,Uruapan Centro,Michoacán de Ocampo,Uruapan
,041607163d15d,Agencia de viajes,GLOBO TOUR,Zendejas,Centro,Michoacán de Ocampo,Puruándiro
,0416043e3815f,Agencia de viajes,RESERVARH,Zamora a Jacona ,Club Campestre,Michoacán de Ocampo,Jacona
,0216053daccea,Alimentos y bebidas,Mi rancho Restaurant,Francisco I. Madero Poniente,Centro Histórico,Michoacán de Ocampo,Morelia
,0416053460881,Agencia de viajes,Travelndy,ERASMO SEGUIN,Quinceo,Michoacán de Ocampo,Morelia
,0416006d29da1,Agencia de viajes,VISA  EXPRESS,Donato Bravo izquierdo,Apatzingán de La Constitución Centro,Michoacán de Ocampo,Apatzingán
,0416066b53271,Agencia de viajes,Roger Viajes Roma,Obregon,Pátzcuaro Centro,Michoacán de Ocampo,Pátzcuaro
,0416088cde611,Agencia de viajes,HD Viajes,Rubi,Real Hacienda (Metrópolis),Michoacán de Ocampo,Tarímbaro
,041610262957d,Agencia de viajes,Way Travel,Jesus Gonzales Ortega,La Magdalena,Michoacán de Ocampo,Uruapan
,0416053be1321,Agencia de viajes,Viajes Mexican-Ando ,Alberto Alvarado ,Villa Universidad,Michoacán de Ocampo,Morelia
,04160431ec367,Agencia de viajes,TURISTICA DEL CARIBE,morelos 31,Jacona de Plancarte Centro,Michoacán de Ocampo,Jacona
,0416053934145,Agencia de viajes,IDA Y VUELTA,Independencia ,Morelos,Michoacán de Ocampo,Morelia
,0416102ad001f,Agencia de viajes,LAYJO TRAVEL,Calzada La Fuente,El Colorin,Michoacán de Ocampo,Uruapan
,04160127c76f3,Agencia de viajes,Viajes Express,Benito Juárez ,Doroteo Arango,Michoacán de Ocampo,Buenavista
,04160536b5ca5,Agencia de viajes,Sara Agencia,Rey Caltzontzin,Félix Ireta,Michoacán de Ocampo,Morelia
,0416075165bed,Agencia de viajes,ODISEA EXPERIENCES,Jesús Moreno,Centro,Michoacán de Ocampo,Los Reyes
,02160535e2a34,Alimentos y bebidas,"Centro De Cultura,Recreación Y Trabajo Nido ",Ignacio López Rayón ,Chapultepec Sur,Michoacán de Ocampo,Morelia
,0416102bf65dd,Agencia de viajes,Agencia de Viajes Destinum,Avenida Chiapas,Ramon Farias,Michoacán de Ocampo,Uruapan
,01160539892ed,Hospedaje,Casa De La Loma Hotel and Suites,W.A Mozart ,La Loma,Michoacán de Ocampo,Morelia
,02160533ae829,Alimentos y bebidas,Restaurante La Cascada ,W.A Mozart ,La Loma,Michoacán de Ocampo,Morelia
,0416082b7a81b,Agencia de viajes,VIAGC TRAVEL,Revolución,Tacambaro de Codallos Centro,Michoacán de Ocampo,Tacámbaro
,0416083cf3522,Agencia de viajes,MS Travel,Independencia ,Tancitaro,Michoacán de Ocampo,Tancítaro
,04160536e87a6,Agencia de viajes,Enamórate De México,José Justo Álvarez  ,Poblado Ocolusen,Michoacán de Ocampo,Morelia
,0416053ae12c2,Agencia de viajes,SANTANA TOURS,IRETITICATEME,Félix Ireta,Michoacán de Ocampo,Morelia
,0416053a87fab,Agencia de viajes,F&Rviajesmorelia,martin castrejon,Gustavo Díaz Ordaz,Michoacán de Ocampo,Morelia
,0416053287b36,Agencia de viajes,TRAVEL POINT,JESUS RAMIREZ MENDOZA,Primo Tapia,Michoacán de Ocampo,Morelia
,04160537cdc53,Agencia de viajes,MC Travel,Circuito Rocio,Prados del Campestre,Michoacán de Ocampo,Morelia
,01160669dc0aa,Hospedaje,Hotel Concordia,Portal Juarez,Pátzcuaro Centro,Michoacán de Ocampo,Pátzcuaro
,041608267d101,Agencia de viajes,XPLORA TRAVEL,CARLOS SALAZAR ,Tacambaro de Codallos Centro,Michoacán de Ocampo,Tacámbaro
,0416108135d08,Agencia de viajes,AGENCIA DE VIAJES MEXICO MAGICO,VICENTE GUERRERO ,Zamora de Hidalgo Centro,Michoacán de Ocampo,Zamora
,04161121615f2,Agencia de viajes,Agencia Monarca by Saturno Travel Group,Jose Ma. Cos spte,Zitacuaro Centro,Michoacán de Ocampo,Zitácuaro
,04160534db01a,Agencia de viajes,OFERTAS MORELIA,PLAZA DESPERTADOR AMERICANO,Lomas de Hidalgo,Michoacán de Ocampo,Morelia
,0416071969a3c,Agencia de viajes,Pasaportes VillaMx,MORELOS OTE,Villachuato,Michoacán de Ocampo,Puruándiro
,04160538fe26c,Agencia de viajes,ACEITE DE PIEDRA,Avenida Ocampo,Felicitas del Río,Michoacán de Ocampo,Morelia
,051605343585b,Transportadora turística,Transporte Turístico PIKIS,Avenida Francisco I Madero Pte,Centro Histórico,Michoacán de Ocampo,Morelia
,0416053b64453,Agencia de viajes,RS Viajes Diego Rivera,David Alfaro Siqueiros,Diego Rivera,Michoacán de Ocampo,Morelia
,0416053d5b978,Agencia de viajes,"Si, Acepto Agencia de Viajes",Interior de Novena,Guadalupe,Michoacán de Ocampo,Morelia
,0416038d663f6,Agencia de viajes,Solo Vive Travel,Tulipanes ,Cutzeo,Michoacán de Ocampo,Huetamo
,0416053d41c1b,Agencia de viajes,Agency Travel Time Morelia,Agata,Lomas de la Joya,Michoacán de Ocampo,Morelia
,04160535ea2ee,Agencia de viajes,VIBRALMA,Kuanicuti,Xangari,Michoacán de Ocampo,Morelia
,0416104d8c125,Agencia de viajes,Paraiso Viajero Agencia de Viajes,Allende Esquina Madero,Emiliano Zapata,Michoacán de Ocampo,Villamar
,0416102d95cd6,Agencia de viajes,Agencia de viajes Camelina,Francisco Sarabia,Ramon Farias,Michoacán de Ocampo,Uruapan
,041605370e48b,Agencia de viajes,Niagara Travel Agency,Jose Maria Santos,Hacienda La Trinidad,Michoacán de Ocampo,Morelia
,041605377cde2,Agencia de viajes,Venturismo Félix Ireta ,Virrey De Mendoza ,Félix Ireta,Michoacán de Ocampo,Morelia
,0416076e14bd8,Agencia de viajes,VIAJES Y BOLETOS TRAVESIA S.A DE C.V,VICENTE GUERRERO,Centro,Michoacán de Ocampo,Sahuayo
,0416102aad91d,Agencia de viajes,WISH TO TRAVEL,Profetas,El Milagro,Michoacán de Ocampo,Uruapan
,04160066b6825,Agencia de viajes,VISA EXPRESS,Donato Bravo izquierdo,Apatzingán de La Constitución Centro,Michoacán de Ocampo,Apatzingán
,011605397b669,Hospedaje,Hotel Mezvall,Avenida Francisco I. Madero Poniente,Irrigación,Michoacán de Ocampo,Morelia
,04161027cef2a,Agencia de viajes,AERO SERVICIOS LOS ANGELES,TULIPAN,La Mora,Michoacán de Ocampo,Uruapan
,0416108483e42,Agencia de viajes,EL GUERO TRAVEL,FERROCARRIL,Kuntani,Michoacán de Ocampo,Zamora
,0416053056ae4,Agencia de viajes,Jep´ Travel,Cto Insurgentes,Ana María Gallaga,Michoacán de Ocampo,Morelia
,041608830f27a,Agencia de viajes,RS VIAJES ANDARIEGOS,PASEO VALLE REAL,Valle Real,Michoacán de Ocampo,Tarímbaro
,0416004ca6977,Agencia de viajes,Agencia de Viajes Lemus Tour,carranza,Angamacutiro de la Unión,Michoacán de Ocampo,Angamacutiro
,0416053552b38,Agencia de viajes,JOVITOURS AGENCIA DE VIAJES,Manantial Agua Blanca,Los Manantiales de Morelia,Michoacán de Ocampo,Morelia
,0216053cc4edf,Alimentos y bebidas,La Casa de los Garapiñados Morelia,Vasco de Quiroga,Centro Histórico,Michoacán de Ocampo,Morelia
,02161024d286d,Alimentos y bebidas,Sr. Culichi,Avenida Latinoamericana,La Magdalena,Michoacán de Ocampo,Uruapan
,0416102ae7d0d,Agencia de viajes,AVOTOURS ,ARTEAGA,La Magdalena,Michoacán de Ocampo,Uruapan
,021605304a552,Alimentos y bebidas,El Pollo Loco (Sucursal Madero),Avenida Francisco I Madero Pte,Centro Histórico,Michoacán de Ocampo,Morelia
,0416088ce087b,Agencia de viajes,HD Viajes,Rubí,Real Hacienda (Metrópolis),Michoacán de Ocampo,Tarímbaro
,0416053db1e51,Agencia de viajes,Operadora de Viajes Solatino,Laurel,Santa María de Guido,Michoacán de Ocampo,Morelia
,0416073576f52,Agencia de viajes,TRAVESIAS AGENCIA DE VIAJES,CALLE MIGUEL NEGRETE,Quiroga,Michoacán de Ocampo,Quiroga
,0416064f51707,Agencia de viajes,RS VIAJES PARACUARO,Avenida Lázaro Cárdenas,Parácuaro,Michoacán de Ocampo,Parácuaro
,04160532099c9,Agencia de viajes,TRAVEL CENTER ,5 DE FEBRERO ,Obrera,Michoacán de Ocampo,Morelia
,04160536c4f49,Agencia de viajes,Preparando Maletas,El Democrata,Francisco Zarco,Michoacán de Ocampo,Morelia
,0416053ce744a,Agencia de viajes,Monkey Agencia de Viajes,Bosques de castaños,Bosques Tres Marías,Michoacán de Ocampo,Morelia
,04160065d39ea,Agencia de viajes,TRAMITAVISA,José Sotero de Castañeda,Apatzingán de La Constitución Centro,Michoacán de Ocampo,Apatzingán
,0416053165a33,Agencia de viajes,Viajes Bumeran Wow7 ,Manuel Taboada,Nueva Valladolid,Michoacán de Ocampo,Morelia
,0416053e397ec,Agencia de viajes,LINIBET,WILFRIDO CARRILLO PUERTO,Felipe Carrillo Puerto,Michoacán de Ocampo,Morelia
,0416071d39baf,Agencia de viajes,"Agencia de Viajes ""Casa Blanca""",Nicolás Bravo,Centro,Michoacán de Ocampo,Puruándiro
,0416053f31fb0,Agencia de viajes,Global Voyage,Ana María Gallaga,Centro Histórico,Michoacán de Ocampo,Morelia
,0416053234704,Agencia de viajes,Viajes Reservatour,Avenida Acueducto,Chapultepec Oriente,Michoacán de Ocampo,Morelia
,04160530217af,Agencia de viajes,IVAN TRAVEL TOURS,EDUARDO RUIZ,Centro Histórico,Michoacán de Ocampo,Morelia
,04160554c3fa4,Agencia de viajes,Travel & Post It Suc. Nueva Italia,Avenida Lázaro Cárdenas,Libertad,Michoacán de Ocampo,Múgica
,041610797022a,Agencia de viajes,AC TRAVEL,Avenida Martires de Uruapan,Zacapu Centro,Michoacán de Ocampo,Zacapu
,0416053c56d7b,Agencia de viajes,Viajes Imperio,Avenida Quinceo,Santiaguito,Michoacán de Ocampo,Morelia
,041608243d48b,Agencia de viajes,Venturismo Tacámbaro,Madero Poniente,Tacambaro de Codallos Centro,Michoacán de Ocampo,Tacámbaro
,04160530d9c92,Agencia de viajes,Jep’ Travel,cto.insurgentes,Ana María Gallaga,Michoacán de Ocampo,Morelia
,04160714ac148,Agencia de viajes,Viajes del Recuerdo,Corregidora,Centro,Michoacán de Ocampo,Puruándiro
,31160664f823d,Guía de turistas,Jaime Hernandez Balderas,Puacume,Vasco de Quiroga,Michoacán de Ocampo,Pátzcuaro
,01161023824ce,Hospedaje,Hotel California ,Calzada Benito Juárez,Los Riyitos,Michoacán de Ocampo,Uruapan
,0416102845740,Agencia de viajes,Noah's Travel,ADOLFO DE LA HUERTA,Revolución,Michoacán de Ocampo,Uruapan
,041605334cd5e,Agencia de viajes,Travel & Dream Suc. Centro,Calle del Trabajo,Centro Histórico,Michoacán de Ocampo,Morelia
,041603452ce76,Agencia de viajes,GB TOURS,Avenida Morelos Oriente,La Morita,Michoacán de Ocampo,Hidalgo
,0416102b8c2c8,Agencia de viajes,kuali tours,AV. BENITO JUAREZ,Morelos,Michoacán de Ocampo,Uruapan
,041610265fb4f,Agencia de viajes,Viajerofiel,alejandro magno,Valle Real,Michoacán de Ocampo,Uruapan
,0416102e464fd,Agencia de viajes,Way Travel,Jesus Gonzales Ortega,La Magdalena,Michoacán de Ocampo,Uruapan
,04161100c95e6,Agencia de viajes,EOLIA In,Ramón López Lara,Zinapécuaro de Figueroa Centro,Michoacán de Ocampo,Zinapécuaro
,04160536a9a80,Agencia de viajes,Tours & Travel LEOMAR,Obrajeros de Nurio,Vasco de Quiroga,Michoacán de Ocampo,Morelia
,04161027cf5a2,Agencia de viajes,GC Travel and tours ,Galeana,La Magdalena,Michoacán de Ocampo,Uruapan
,0416053719d96,Agencia de viajes,Venturismo C.U.,Av. Universidad,Los Pinos de Michoacán,Michoacán de Ocampo,Morelia
,041610288941d,Agencia de viajes,AGENCIA DE VIAJES VAGARY,Av. Universo,Sol Naciente,Michoacán de Ocampo,Uruapan
,0416053d1b7b3,Agencia de viajes,RS VIAJES EMPRESAS TURISTICAS,Bernal Díaz del Castillo,Chapultepec Sur,Michoacán de Ocampo,Morelia
,04160539c3f20,Agencia de viajes,AGENCIA TRAVEL HAPPY,Av. Pedregal,Eduardo Ruiz,Michoacán de Ocampo,Morelia
,041603883f432,Agencia de viajes,RS VIAJES LIMA,Fray Juan de Zumarraga,Huetamo de Núñez Centro,Michoacán de Ocampo,Huetamo
,0416053ace9cb,Agencia de viajes,OLYMPIC TOURS,Janitzio,Félix Ireta,Michoacán de Ocampo,Morelia
,041608898039e,Agencia de viajes,R&L Travel´s,Nueva Italia,Terranova,Michoacán de Ocampo,Tarímbaro
,04160537260d8,Agencia de viajes,VIDA TURISTIKA,Cuautla ,Juárez,Michoacán de Ocampo,Morelia
,04160532a1bc2,Agencia de viajes,Viajes Vagón Rojo,Rey Tariacuri,Félix Ireta,Michoacán de Ocampo,Morelia
,0416102cb6fd6,Agencia de viajes,OPERADORA DE VIAJES MAR,Av. Uapakuni,Santa Bárbara,Michoacán de Ocampo,Uruapan
,04160533e8187,Agencia de viajes,DOCTOR TRAVEL MORELIA,Av. Siervo de la Nación,Lomas del Valle,Michoacán de Ocampo,Morelia
,0416053b82642,Agencia de viajes,MALETAS A BORDO,20 de Noviembre de 1936,San Juanito Itzicuaro,Michoacán de Ocampo,Morelia
,041605372bfe6,Agencia de viajes,AUANDA,Ilustración Mexicana,Francisco Zarco,Michoacán de Ocampo,Morelia
,0416034dc3dbc,Agencia de viajes,Viajes Cataleya By Fraveo,Blvr. Adrian Peña Soto,Arboledas del Río,Michoacán de Ocampo,Hidalgo
,041605313635f,Agencia de viajes,Ikal Viajes,Batalla de Casa Mata,Chapultepec Sur,Michoacán de Ocampo,Morelia
,0416053b11dc7,Agencia de viajes,"AGENCIA DE VIAJES ""SIN ESCALAS""",María Piña,Héroes Insurgentes,Michoacán de Ocampo,Morelia
,04160539de54f,Agencia de viajes,Paris de Noche,Fray Gerónimo de Mendieta,Lázaro Cárdenas,Michoacán de Ocampo,Morelia
,0416043ab44c5,Agencia de viajes,DESTINOS LEO,Manuel Fernando Soto,Los Álamos,Michoacán de Ocampo,Jacona
,04161105d01b4,Agencia de viajes,Feliz Viaje Zinapécuaro,Melchor Ocampo,Zinapécuaro de Figueroa Centro,Michoacán de Ocampo,Zinapécuaro
,0416053639bbb,Agencia de viajes,AVENTURA BOYGAR TOURS,Lomas del Rey,Lomas de Morelia,Michoacán de Ocampo,Morelia
,0416053bbdf2a,Agencia de viajes,AGENCIA DE VIAJES ISLA YUNUEN,Av. Quinceo,Prados Verdes,Michoacán de Ocampo,Morelia
,041608338998d,Agencia de viajes,RS VIAJES TANCITARO,Prol. Morelos,18 de Marzo,Michoacán de Ocampo,Tancítaro
,0116053a2df07,Hospedaje,VILLA SAN JOSE HOTEL & SUITES,PATZIMBA,Vista Bella,Michoacán de Ocampo,Morelia
,0216053512728,Alimentos y bebidas,FONDA SANTA MARIA,PATZIMBA,Vista Bella,Michoacán de Ocampo,Morelia
,011605306bd52,Hospedaje,Hotel Victoria Morelia Centro Historico,Avenida Francisco I. Madero Poniente,Centro Histórico,Michoacán de Ocampo,Morelia
,04160700a7b1f,Agencia de viajes,AGENCIA DE VIAJES 11.11,VICENTE GUERRERO,Purépero de Echáiz,Michoacán de Ocampo,Purépero
,04160533fbe01,Agencia de viajes,"Epica, Viajes & Experiencias",Cerrada Ganaderia del Junco,Manuel Villalongín,Michoacán de Ocampo,Morelia
,0116034f0ace1,Hospedaje,HOTEL EX HACIENDA EL MOLINO  , KM 5 CARR. CIUDAD HIDALGO ZITACUARO,Santa Rosa,Michoacán de Ocampo,Hidalgo
,0416102d2bcec,Agencia de viajes,Animate ya Travels,Andador Itzi,La Tamacua,Michoacán de Ocampo,Uruapan
,0416053d44916,Agencia de viajes,VTDVIAJE.COM,16 DE SEPTIEMBRE ,Lomas de Hidalgo,Michoacán de Ocampo,Morelia
,04161065f8e94,Agencia de viajes,Agencia Morsier,Insurgentes ,Yurecuaro Centro,Michoacán de Ocampo,Yurécuaro
,0416053ed90a7,Agencia de viajes,AVITURD TRAVEL GROUP,Rafael Sánchez Tapia Oriente,Nueva Chapultepec,Michoacán de Ocampo,Morelia
,011605362bdba,Hospedaje,Hotel Expres by Hosting House,Dr. Miguel Silva,Centro Histórico,Michoacán de Ocampo,Morelia
,011605379f36d,Hospedaje,Hotel Herencia by Hosting House,Avenida Francisco I Madero Oriente,Centro Histórico,Michoacán de Ocampo,Morelia
,021605323e2d6,Alimentos y bebidas,Casa Ofelia 94 Brasserie Mexicano,Avenida Francisco I Madero Oiente,Centro Histórico,Michoacán de Ocampo,Morelia
,04160536ebba9,Agencia de viajes,Amas Viajar Tours Morelia,Aldama,Centro Histórico,Michoacán de Ocampo,Morelia
,0216053fd2efa,Alimentos y bebidas,Ahogadas y Mariscos Garibaldi,Margarita Maza de Juárez,Lomas de Vista Bella,Michoacán de Ocampo,Morelia
,02160520bd248,Alimentos y bebidas,EL PULPO,PLAYA HERENDIRA ,Isla del Cayacal,Michoacán de Ocampo,Lázaro Cárdenas
,0116052fe5877,Hospedaje,HOTEL REYNA PIO,CORREGIDORA,Centro,Michoacán de Ocampo,Lázaro Cárdenas
,01160529e2d77,Hospedaje,HOTEL MARGARITA,CORREGIDORA,Centro,Michoacán de Ocampo,Lázaro Cárdenas
,04160534bfd8c,Agencia de viajes,Viajes & Tours Caisid,Avenida Patos,Villas del Pedregal,Michoacán de Ocampo,Morelia
,04160532f4bfd,Agencia de viajes,GPI VIAJES BY FRAVEO,Manuela Taboada,Agustín Arriaga Rivera,Michoacán de Ocampo,Morelia
,0416069b50282,Agencia de viajes,HM TOURS,MARIANO JIMENEZ,Centro,Michoacán de Ocampo,La Piedad
,0416102d863fb,Agencia de viajes,Agencia de Viajes Palace Tours,Norte ,Casa Del Niño,Michoacán de Ocampo,Uruapan
,04160530feb9d,Agencia de viajes,Levity Tours Viaje y Aventuras,Avenida Guadalupe Victoria,Prados Verdes,Michoacán de Ocampo,Morelia
,04160534314c6,Agencia de viajes,Egipto Soñado Tours Operador Internacional,Emilio Carranza,Jardines de Guadalupe,Michoacán de Ocampo,Morelia
,0116112a2c589,Hospedaje,Hotel Rancho Tabachines,Cerrada Noche Buena,INFONAVIT Jacarandas,Michoacán de Ocampo,Zitácuaro
,01160536842d9,Hospedaje, Fiesta Inn Morelia Altozano,Montaña Monarca Norte,Montaña Monarca I,Michoacán de Ocampo,Morelia
,02160533c8a00,Alimentos y bebidas,Fiesta Inn Morelia Altozano,Montaña Monarca Norte,Montaña Monarca I,Michoacán de Ocampo,Morelia
,041605331a05f,Agencia de viajes,Venturismo Centro,Del Trabajo,Centro Histórico,Michoacán de Ocampo,Morelia
,04160535a4ea1,Agencia de viajes,Vegatours Madero,Avenida Francisco I Madero Oriente,Centro Histórico,Michoacán de Ocampo,Morelia
,0416053cc7a16,Agencia de viajes,Casa Michoacan,Miguel Ramos Arizpe,Ampliación Popular Progreso,Michoacán de Ocampo,Morelia
,04160536011a3,Agencia de viajes,Moon Rouse Travel,Avenida Circuito Mintzita,Los Manantiales de Morelia,Michoacán de Ocampo,Morelia
,01161082a0782,Hospedaje,El Hotel Business Class,Vicente Guerrero,Zamora de Hidalgo Centro,Michoacán de Ocampo,Zamora
,01160536d71ff,Hospedaje,Qualitel Plus,Valentín Gómez Farias,Centro Histórico,Michoacán de Ocampo,Morelia
,0216102f39628,Alimentos y bebidas,JAR ROCK,Independencia ,Uruapan Centro,Michoacán de Ocampo,Uruapan
,04160539247a6,Agencia de viajes,Viajes Estrella,Cuautitlan,Guadalupe,Michoacán de Ocampo,Morelia
,0416053e90044,Tour operador,Operadora OTIS,Juan Escutia,Chapultepec Sur,Michoacán de Ocampo,Morelia
,0416053cb5ab4,Agencia de viajes,Viajeros del Tiempo Travel & Tours,Vicente Suarez,Chapultepec Norte,Michoacán de Ocampo,Morelia
,04160120ae8e3,Agencia de viajes,BAÑERO TRAVEL AGENCY,CONSTITUYENTES,Buenavista Tomatlán,Michoacán de Ocampo,Buenavista
,041605360af54,Agencia de viajes,MUNDO TRAVEL MORELIA,VENTURA PUENTE,Del Empleado,Michoacán de Ocampo,Morelia
,0416053af4dcb,Agencia de viajes,Arezzo Tours,Privada Gildardo Magaña,Del Empleado,Michoacán de Ocampo,Morelia
,041605365c01d,Agencia de viajes,J y P VIAJES,Zamora,Juárez,Michoacán de Ocampo,Morelia
,04160531a29ab,Agencia de viajes,BROTHERS TOURS,Manantial de Cointzio,Los Manantiales de Morelia,Michoacán de Ocampo,Morelia
,021610232f987,Alimentos y bebidas,BUFFET CAMPESTRE ANDANDIKURAN,Camino al Rincón de Ade,Caltzontzin,Michoacán de Ocampo,Uruapan
,01160713f0226,Hospedaje,Hotel Don Julio,Licenciado Verdad,Centro,Michoacán de Ocampo,Puruándiro
,04160882085f8,Agencia de viajes,Agencia de Viajes Gaby,Miguel Hidago,La Doctrina,Michoacán de Ocampo,Tarímbaro
,0216053ea6308,Alimentos y bebidas,Nana Pizzeria,Periodista Bustamante,Carlos María de Bustamante,Michoacán de Ocampo,Morelia
,0416102bec950,Agencia de viajes,Agencia de Viajes Flores Tours,Francisco Sarabia,Ramon Farias,Michoacán de Ocampo,Uruapan
,0416102f10a02,Agencia de viajes,RUTAS MAGICAS UPN,JALISCO,Ramon Farias,Michoacán de Ocampo,Uruapan
,04160537f038c,Agencia de viajes,BE FREE MORELIA TOURS,Cuautla,Centro Histórico,Michoacán de Ocampo,Morelia
,04160532d5670,Agencia de viajes,Viajeras Tours,Juan José de Lejarza,Centro Histórico,Michoacán de Ocampo,Morelia
,02161084260c7,Alimentos y bebidas,Burritos Norteños Lalo´s ,Avenida del Bosque,Las Fuentes,Michoacán de Ocampo,Zamora
,04161086552c6,Agencia de viajes,Viajes Bumeran Monarca,Mercado Hidalgo,Zamora de Hidalgo Centro,Michoacán de Ocampo,Zamora
,021605316f741,Alimentos y bebidas,LAS SUPREMAS,Avenida Manuel Buendia,Obrera,Michoacán de Ocampo,Morelia
,0416053f309c6,Agencia de viajes,ROYAL TRAVEL,Acueducto,Chapultepec Norte,Michoacán de Ocampo,Morelia
,0216053265962,Alimentos y bebidas,Tanto Patio,Garcia de Leon,Chapultepec Oriente,Michoacán de Ocampo,Morelia
,0216053ce63ab,Alimentos y bebidas,Mico Heladeria,Madero,Centro Histórico,Michoacán de Ocampo,Morelia
,0216053ac352d,Alimentos y bebidas,Chango Restaurante,Sor Juana Ines de la Cruz,Centro Histórico,Michoacán de Ocampo,Morelia
,0216020ef7ef7,Alimentos y bebidas,Restaurante cuitzeo,Av Morelos ,El Calvario,Michoacán de Ocampo,Cuitzeo
,0416053f85f55,Agencia de viajes,RS VIAJES INDEPENDENCIA,VIRREY DE MENDOZA,Centro Histórico,Michoacán de Ocampo,Morelia
,041605318fea2,Agencia de viajes,DreaMX Travel ,AVENIDA PERIODISMO,Ampliación Jardines de Torremolinos,Michoacán de Ocampo,Morelia
,0116053c12a27,Hospedaje,Hotel Hacienda Montesinos,Av. Madero Poniente,Coíntzio,Michoacán de Ocampo,Morelia
,0416053eb57f7,Agencia de viajes,Santa Catrina Tours,Antonio Plaza,Santa María de Guido,Michoacán de Ocampo,Morelia
,04160530708b0,Agencia de viajes,Encuentroo,Avenida Acueducto,Chapultepec Oriente,Michoacán de Ocampo,Morelia
,04160535a5ce4,Agencia de viajes,Marce Travel,Avenida Acueducto,Chapultepec Norte,Michoacán de Ocampo,Morelia
,0216053da121f,Alimentos y bebidas,Dante´s Wings,YESTA,Bosque Camelinas,Michoacán de Ocampo,Morelia
,04161027b956a,Agencia de viajes,Agencia de Viajes Cano Travels,Avenida Hermanos Flores Magon,Revolución,Michoacán de Ocampo,Uruapan
,0416102eab507,Agencia de viajes,Travel Dream  S&P,Niño Artillero,Casa Del Niño,Michoacán de Ocampo,Uruapan
,0116034e104f9,Hospedaje,Hotel Ojo de Agua,Carretera México Guadalajara Km. 213.7,Las Fuentes,Michoacán de Ocampo,Hidalgo
,0116066de64be,Hospedaje,Hotel Estrella,Privada Lázaro Cárdenas,Morelos,Michoacán de Ocampo,Pátzcuaro
,0416053658c51,Agencia de viajes,Agencia Karen Travel,Gral. José María Rojo,Jardines del Quinceo,Michoacán de Ocampo,Morelia
,0416053fedf03,Agencia de viajes,TARASCO TRAVEL,OCAMPO,Juárez,Michoacán de Ocampo,Morelia
,0416034333a6b,Agencia de viajes,TAXIMAROA TRAVEL,Privada de Melchor Ocampo ,San Miguel,Michoacán de Ocampo,Hidalgo
,0416053a38819,Agencia de viajes,Viajes Tauro,Francisco Rivera,Ampliación Isaac Arriaga,Michoacán de Ocampo,Morelia
,04160537db2b1,Agencia de viajes,VIAJES ECONOMICOS MONARCA BY FRAVEO,Pino,Paraíso Monarca,Michoacán de Ocampo,Morelia
,041610886e2b6,Agencia de viajes,Amanecer Agencia de Viajes,Rey Joas,Real Del Jericó,Michoacán de Ocampo,Zamora
,0216053a9bc15,Alimentos y bebidas,IKURA SUSHI & GRILL,Montaña Monarca ,Montaña Monarca I,Michoacán de Ocampo,Morelia
,04160538dd163,Agencia de viajes,ViajArte,Manuel Muñiz,Centro Histórico,Michoacán de Ocampo,Morelia
,0416071ca312d,Agencia de viajes,AGENCIA DE VIAJES PURUAS,ZARAGOZA ,Centro,Michoacán de Ocampo,Puruándiro
,0416088baec57,Agencia de viajes,ILIANS TOURS,Moscú,Metrópolis,Michoacán de Ocampo,Tarímbaro
,0416053adc9c9,Agencia de viajes,Globall,Tzararacua,Eréndira,Michoacán de Ocampo,Morelia
,0416006c4ed44,Agencia de viajes,VIAJES KYTZIA,SERAPIO RENDON NORTE,Independencia,Michoacán de Ocampo,Apatzingán
,351609368a785,Tour operador,Magia Xplora Tours,Niños Heroes ,El Calco,Michoacán de Ocampo,Tlalpujahua
,0416019ccdd9e,Agencia de viajes,Panda Tours ,Monseñor Guízar y Valencia,El Llano,Michoacán de Ocampo,Cotija
,041605327080b,Agencia de viajes,B por Viajes,Embajada de Senegal,Adolfo López Mateos,Michoacán de Ocampo,Morelia
,0416053447783,Agencia de viajes,ESPIRI TOURS,Avenida Lázaro Cárdenas,Chapultepec Norte,Michoacán de Ocampo,Morelia
,04160535d3e48,Agencia de viajes,Agencia de Viajes y Tour Operador Humbolt,Humbolt,Centro Histórico,Michoacán de Ocampo,Morelia
,0216053ec883b,Alimentos y bebidas,Dante´s Wings,Boulevard García de León,Chapultepec Sur,Michoacán de Ocampo,Morelia
,021605344562f,Alimentos y bebidas,Dante´s Wings Downtown,Avenida Francisco I Madero Ote,Centro Histórico,Michoacán de Ocampo,Morelia
,0416006a17d12,Agencia de viajes,TRAMI TRAVEL ROMA,Av Francisco I Madero ,Lázaro Cárdenas,Michoacán de Ocampo,Apatzingán
,04160532704c0,Agencia de viajes,ACLA VIAJES,JUNTA DE JAUJILLA,Jaujilla,Michoacán de Ocampo,Morelia
,041605390b922,Agencia de viajes,TRAVEL POINT MEXICO,Anahuac,Guadalupe,Michoacán de Ocampo,Morelia
,0416102c38abc,Agencia de viajes,Oasis Day Tour,Calzada La Fuente,El Colorin,Michoacán de Ocampo,Uruapan
,0216111fd2d0b,Alimentos y bebidas,Hotel Hacienda Caracha,Ex HAcienda Caracha ,Ziracuaretiro,Michoacán de Ocampo,Ziracuaretiro
,04160530f18fb,Agencia de viajes,ENCANTO TRAVEL,Jazmín,El Porvenir,Michoacán de Ocampo,Morelia
,011610210ca52,Hospedaje,Hotel Boutique Paseo Real,Independencia,Santiago,Michoacán de Ocampo,Uruapan
,02161021df412,Alimentos y bebidas,Restaurante Los Murales,Avenida Independencia,Santiago,Michoacán de Ocampo,Uruapan
,041605394ff70,Agencia de viajes,Ruta 53,Francisco J. Mugica,Felicitas del Río,Michoacán de Ocampo,Morelia
,04160532bfdae,Agencia de viajes,VIAJES LINIBET,Vicente Santa María,Centro Histórico,Michoacán de Ocampo,Morelia
,04160539bfe9c,Agencia de viajes,bien-aventurados,Del maíz,Ampliación Campestre del Vergel,Michoacán de Ocampo,Morelia
,02161026a9bb1,Alimentos y bebidas,Restaurante El Rabano,Ecuador ,Los Angeles,Michoacán de Ocampo,Uruapan
,04161079f68e6,Agencia de viajes,RS VIAJES TRUJILLO,GARCIA PADILLA,García Padilla,Michoacán de Ocampo,Zacapu
,0416053880546,Agencia de viajes,Tikii Travel,Agustín Melgar,Chapultepec Sur,Michoacán de Ocampo,Morelia
,0416053e0866a,Agencia de viajes,Disciver Travel,Ignacio Gallaga ,La Insurgencia,Michoacán de Ocampo,Morelia
,0416053c3f535,Agencia de viajes,Magnanimus Travel,Comachuen,Lomas de Guayangareo,Michoacán de Ocampo,Morelia
,04160532114c3,Agencia de viajes,Vagamundos Periodismo,Avenida Periodismo,Agustín Arriaga Rivera,Michoacán de Ocampo,Morelia
,04160538fe60c,Agencia de viajes,RS VIAJES CENTRO,20 DE NOVIEMBRE NO,Centro Histórico,Michoacán de Ocampo,Morelia
,0116100f1aa77,Hospedaje,HOTEL BOUTIQUE HACIENDA UCAZANAZTACUA,SIN NOMBRE ,Tzintzuntzan,Michoacán de Ocampo,Tzintzuntzan
,0416053ffd315,Agencia de viajes,W World Travel,Circuito del Tecnológico,Santa María de Guido,Michoacán de Ocampo,Morelia
,0416053f1a6ad,Agencia de viajes,SUMANDO VIAJES BY FRAVEO ,DATIL,Vista Hermosa,Michoacán de Ocampo,Morelia
,02161022883e7,Alimentos y bebidas,Carnes Asadas Gil Liz,Avenida Latinoamericana,Revolución,Michoacán de Ocampo,Uruapan
,04160758c3d08,Agencia de viajes,BB TRAVEL CONNECTIONS,JOSE MARIA MORELOS ,Centro,Michoacán de Ocampo,Los Reyes
,0116079296bcd,Hospedaje,CABAÑAS  RINCÓN DE  ZIRAHUÉN,CONOCIDO ,Plutarco Elías Calles (Copándaro),Michoacán de Ocampo,Salvador Escalante
,0216102cc7689,Alimentos y bebidas,CANTINA SEIS,Avenida Latinoamericana,Huertas Del Cupatitzio,Michoacán de Ocampo,Uruapan
,04160367df8ad,Agencia de viajes,D´LUXE,Privada 20 de Noviembre,Huandacareo,Michoacán de Ocampo,Huandacareo
,041605353a8a8,Agencia de viajes,RS Viajes Altozano,Avenida JJ Tablada,Balcones de Santa María,Michoacán de Ocampo,Morelia
,04160535ec30a,Agencia de viajes,Viajes y Excursiones Barreto´s Suc. Morelia,NARDO ESQUINA AV. MICHOACAN NO,Las Margaritas,Michoacán de Ocampo,Morelia
,0416076fd9954,Agencia de viajes,VIAJES NAVA CASTRO,CONSTITUCION NO,Centro,Michoacán de Ocampo,Sahuayo
,0416053eb2d40,Agencia de viajes,Mily García,Boulevard García de León,Chapultepec Oriente,Michoacán de Ocampo,Morelia
,041605364f859,Agencia de viajes,VIAJES MAR AND SOF ,AVENIDA ACUEDUCTO ,Pascual Ortiz de Ayala,Michoacán de Ocampo,Morelia
,011605349f375,Hospedaje,HOTEL AVENIDA,MANUEL MUÑIZ,Centro Histórico,Michoacán de Ocampo,Morelia
,0416053b2d152,Agencia de viajes,World Shop Viaggi,Manuel Muñiz no.,Juárez,Michoacán de Ocampo,Morelia
,04160539bd074,Agencia de viajes,VIAJES ADALEI,EGIPTO,Rector Díaz Rubio,Michoacán de Ocampo,Morelia
,041600367461c,Agencia de viajes,TRAVEL GO AEROPUERTO,AQUILES SERDAN,Álvaro Obregón,Michoacán de Ocampo,Álvaro Obregón
,0216102ee1dee,Alimentos y bebidas,Cafeteria Once 11, Avenida Juarez,Morelos,Michoacán de Ocampo,Uruapan
,02161028d2d65,Alimentos y bebidas,Indie Beer,Avenida Lazaor Cardenas,Revolución,Michoacán de Ocampo,Uruapan
,04160538d4d49,Agencia de viajes,MAR & SOF,Acueducto,Pascual Ortiz de Ayala,Michoacán de Ocampo,Morelia
,021607908dd7a,Alimentos y bebidas,COCINA ESMERALDA ,CALLEJON ,Zirahuén,Michoacán de Ocampo,Salvador Escalante
,01160664dae3d,Hospedaje,LA SIRANDA BOUTIQUE  HOTEL,DR.COOS,Pátzcuaro Centro,Michoacán de Ocampo,Pátzcuaro
,02161024a9657,Alimentos y bebidas,WING'S ARMY,Avenida Latinoamericana,La Magdalena,Michoacán de Ocampo,Uruapan
,021606630f608,Alimentos y bebidas,Casa del Naranjo,Plaza Vasco de Quiroga,Pátzcuaro Centro,Michoacán de Ocampo,Pátzcuaro
,011606682b87a,Hospedaje,Pueblo Magico,Pedro Antonio de Ibarra,Pátzcuaro Centro,Michoacán de Ocampo,Pátzcuaro
,01160664d7615,Hospedaje,Hotel Pueblo Magico,Pedro Antonio de Ibarra,Pátzcuaro Centro,Michoacán de Ocampo,Pátzcuaro
,0416053266a36,Agencia de viajes,Minis Travels,General Santos Degollado NO,Industrial,Michoacán de Ocampo,Morelia
,01160669e3014,Hospedaje,Hotel Portón del Cielo,camino real al estribo,El Calvario,Michoacán de Ocampo,Pátzcuaro
,0216102f69a17,Alimentos y bebidas,Casa Diletta,Pedro de Leon,La Tamacua,Michoacán de Ocampo,Uruapan
,04160537cdc4a,Agencia de viajes,RS VIAJES PERIODISMO,PERIODISMO NO,Jardines de Torremolinos,Michoacán de Ocampo,Morelia
,0116066e1e3e8,Hospedaje,Hotel Casa del Naranjo,Vasco de Quiroga NO,Pátzcuaro Centro,Michoacán de Ocampo,Pátzcuaro
,01161087a7589,Hospedaje,HOTEL BEST PLACE EXPRESS,CARRETERA ZAMORA LA BARCA NO,Jardines de San Joaquín,Michoacán de Ocampo,Zamora
,0416053eb37dc,Agencia de viajes,MaxiTravel Morelia,Flor de Liz NO,Eduardo Ruiz,Michoacán de Ocampo,Morelia
,0116052a5eafc,Hospedaje,Capi Beach,Emiliano Zapata,Playa Azul,Michoacán de Ocampo,Lázaro Cárdenas
,0116034f5cb8c,Hospedaje,Club Tejamaniles,Camino a los Lobos ,San Pedro Jácuaro (Las Joyas),Michoacán de Ocampo,Hidalgo
,0216045af9128,Alimentos y bebidas,Alma de Café,5 de mayo,Jiquilpan de Juárez Centro,Michoacán de Ocampo,Jiquilpan
,0216102a0b12d,Alimentos y bebidas,Distrito Latino,Avenida Latinoamericana,San José Obrero,Michoacán de Ocampo,Uruapan
,011603478b115,Hospedaje,Añoranza Hotel Boutique,Nicolás Bravo,Ciudad Hidalgo Centro,Michoacán de Ocampo,Hidalgo
,011611237d1d7,Hospedaje,Hotel Villa Monarca Inn,km 103.5,San Felipe los Alzati (Colonia Nueva),Michoacán de Ocampo,Zitácuaro
,02161125fea9c,Alimentos y bebidas,Restaurante Oyamel,km 103.5,San Felipe los Alzati (Colonia Nueva),Michoacán de Ocampo,Zitácuaro
,04160534674b8,Agencia de viajes,Vive Morelia,Primer Congreso Constituyente NO,Francisco J. Múgica,Michoacán de Ocampo,Morelia
,0116111b299dd,Hospedaje,Hotel Campestre Hacienda Caracha,Ex Hacienda Caracha NO,Ziracuaretiro,Michoacán de Ocampo,Ziracuaretiro
,0416053492c62,Agencia de viajes,EXPLORANDO MX LA AGENCIA ,Capitan Victor Bravo,Sitio de Cuautla,Michoacán de Ocampo,Morelia
,041610825a5d4,Agencia de viajes,Por el Mundo Ando,malaga,Residencial Monteolivo,Michoacán de Ocampo,Zamora
,04160750d16eb,Agencia de viajes,Viajes sin Frontera,Jimenez Sur NO,Centro,Michoacán de Ocampo,Los Reyes
,02160796c729a,Alimentos y bebidas,COCINA LA CABAÑA ,Callejon de Cervantes ,Zirahuén,Michoacán de Ocampo,Salvador Escalante
,02160534b1fb9,Alimentos y bebidas,Porter British Pub,Av. Lázaro Cárdenas,Chapultepec Sur,Michoacán de Ocampo,Morelia
,04161023c5631,Agencia de viajes,Arkami Travel,Morelos NO,Uruapan Centro,Michoacán de Ocampo,Uruapan
,0116053c0d2cc,Hospedaje,Holiday Inn Express Morelia Centro Histórico,Portal Hidalgo,Centro Histórico,Michoacán de Ocampo,Morelia
,0116108090143,Hospedaje,Hotel Amalia,Hidalgo Sur NO,Zamora de Hidalgo Centro,Michoacán de Ocampo,Zamora
,0416019e505de,Agencia de viajes,Cotixani Tours,Callejon del Viejo NO,El Llano,Michoacán de Ocampo,Cotija
,0416084bf3422,Agencia de viajes,PLANETA VIAJERO,GUERRERO NO,De Arriba,Michoacán de Ocampo,Tangamandapio
,041605327f393,Agencia de viajes,RS VIAJES LOMAS DE LA JOYA,Av. Las Palmas NO,Colinas del Sur,Michoacán de Ocampo,Morelia
,0216102c042b6,Alimentos y bebidas,Alas Bravas ,Avenida Latinoamericana,Huertas Del Cupatitzio,Michoacán de Ocampo,Uruapan
,0416034dc93f4,Agencia de viajes,Vientos de Aventura,Melchor Ocampo poniente ,Ciudad Hidalgo Centro,Michoacán de Ocampo,Hidalgo
,041605324d13a,Agencia de viajes,Kúntani Travels,IRETITICATAME NO,Félix Ireta,Michoacán de Ocampo,Morelia
,041605322013c,Agencia de viajes,Lo-ve Travel,Gob. José Rentería Luviano NO,Nueva Chapultepec,Michoacán de Ocampo,Morelia
,0416102639bc5,Agencia de viajes,RS VIAJES EXPLORA,REINA VICTORIA,Valle Real,Michoacán de Ocampo,Uruapan
,041605333901e,Agencia de viajes,Mi Ruta,Iretiticateme NO,Félix Ireta,Michoacán de Ocampo,Morelia
,02161022f093e,Alimentos y bebidas,Lut Mixology Bar,Amsterdam,Jardines de Cupatitzio,Michoacán de Ocampo,Uruapan
,0416082973bf8,Agencia de viajes,CONNECT TRAVEL,Hidalgo Sur,Los Pinos,Michoacán de Ocampo,Tacámbaro
,0416102076923,Agencia de viajes,VIMAR,YUCATAN,Ramon Farias,Michoacán de Ocampo,Uruapan
,0416069cd3a20,Agencia de viajes,KARMA VIAJES MX BY FRAVEO,PORTAL MORELOS,Centro,Michoacán de Ocampo,La Piedad
,04160536341f8,Agencia de viajes,Viajes Yimbal,Romano Picuti ,Chapultepec Oriente,Michoacán de Ocampo,Morelia
,0116107f32897,Hospedaje,MOTEL EL MESÓN ,SIN NOMBRE ,Pueblo Viejo (Jacarandas),Michoacán de Ocampo,Zacapu
,0116034ad6899,Hospedaje,Hotel Hacienda los Alamos,Adrian Peña Soto NO,Arboledas del Río,Michoacán de Ocampo,Hidalgo
,04160535edca7,Agencia de viajes,TORVEA TRAVELS,AV VILLAS DEL PEDREGAL,Villas del Pedregal,Michoacán de Ocampo,Morelia
,011606661137d,Hospedaje,LAS REDES ,Av. Las americas ,Morelos,Michoacán de Ocampo,Pátzcuaro
,0416102b2cd49,Agencia de viajes,Maxivuelos aerotours,Av rosa de castilla,Clavellinas,Michoacán de Ocampo,Uruapan
,041605343ab06,Agencia de viajes,Viajea Tours,GUERRILLEROS DE COENEO,Mártires de Uruapan,Michoacán de Ocampo,Morelia
,0416006294c48,Agencia de viajes,Trami Travel Roma,FRANCISCO I MADERO,Lázaro Cárdenas,Michoacán de Ocampo,Apatzingán
,04160532b56db,Agencia de viajes,Agencia de Viajes Virrey,Virrey de Mendoza,Félix Ireta,Michoacán de Ocampo,Morelia
,3116093217ab0,Guía de turistas,Gabriela Betani Vázquez Nuñez ,San Joaquín Morelos ,San Joaquín Morelos,Michoacán de Ocampo,Tlalpujahua
,04160530844ba,Agencia de viajes,Destinos,Motul,Felipe Carrillo Puerto,Michoacán de Ocampo,Morelia
,0416053bf8ca2,Agencia de viajes,VENTURISMO VASCO,OBRAJEROS DE NURIO,Vasco de Quiroga,Michoacán de Ocampo,Morelia
,1116112b37d6f,Arrendadora de autos,HOTEL IREKUA,Av. Revolución Sur ,Melchor Ocampo,Michoacán de Ocampo,Zitácuaro
,0216102ce9420,Alimentos y bebidas,Pixie Night Club,Avenida Latinoamericana,Huertas Del Cupatitzio,Michoacán de Ocampo,Uruapan
,02161022b3d76,Alimentos y bebidas,PK2,Profesor Rafael Ramirez ,Movimiento Magisterial,Michoacán de Ocampo,Uruapan
,0416053eb01b5,Agencia de viajes,Ok Travels By Gani Viajes,boulevard de las Primaveras,Prados Verdes,Michoacán de Ocampo,Morelia
,0416053968bcc,Agencia de viajes,Viajes Glow,Hoscua,Bosque Camelinas,Michoacán de Ocampo,Morelia
,041607221072d,Agencia de viajes,RS VIAJES MAYER,ALVARO OBREGON,Queréndaro,Michoacán de Ocampo,Queréndaro
,0416053a40dbc,Agencia de viajes,Viajes Felices Agencia de Viajes By Fraveo,Marmol,Villas del Pedregal,Michoacán de Ocampo,Morelia
,041605361bbc0,Agencia de viajes,Next Travel,david alfaros siqueiros ,Canteras,Michoacán de Ocampo,Morelia
,04160530805ce,Agencia de viajes,BD TRAVEL,JOSÉ SILVA HERRERA,Felicitas del Río,Michoacán de Ocampo,Morelia
,0416052b366b5,Agencia de viajes,Rs Viajes Lázaro Cárdenas,Av. Melchor Ocampo,Ampliación Jarene,Michoacán de Ocampo,Lázaro Cárdenas
,0416053bb0866,Agencia de viajes,Flyscape,Garzas,La Hacienda,Michoacán de Ocampo,Morelia
,04160535d968c,Agencia de viajes,Flyscape,Garzas,La Hacienda,Michoacán de Ocampo,Morelia
,0416053205012,Agencia de viajes,MUNDANA VIAJES ,PERIFERICO NIUEVA ESPAÑA ,Lomas de Guayangareo,Michoacán de Ocampo,Morelia
,0416006fafe6c,Agencia de viajes,Rosale’s Adventures ,Fray Servando ,Varillero,Michoacán de Ocampo,Apatzingán
,0116112ac679a,Hospedaje,HOTEL IREKUA,REVOLUCION SUR,Melchor Ocampo,Michoacán de Ocampo,Zitácuaro
,0216079750499,Alimentos y bebidas,TANIA,CUARTEL SEGUNDO,Zirahuén,Michoacán de Ocampo,Salvador Escalante
,04160767a04d5,Agencia de viajes,Viajes Jorge,Mariano Abasolo,Centro,Michoacán de Ocampo,Sahuayo
,0216079070d04,Alimentos y bebidas,"COCINA TRADICIONAL "" DOÑA MARY""",MUELLE LAS CABAÑAS ,Zirahuén,Michoacán de Ocampo,Salvador Escalante
,011602417bd12,Hospedaje,San Marcos Cabañas & Resorts,Carretera Carapan Uruapan,Cherán,Michoacán de Ocampo,Cherán
,0216024572801,Alimentos y bebidas,San Marcos Cabañas & Resorts,Carretera Carapan Uruapan,Cherán,Michoacán de Ocampo,Cherán
,04160226ed365,Agencia de viajes,VIAJANDO CONTIGO,Vicente Guerrero,Charo,Michoacán de Ocampo,Charo
,04161123f791a,Agencia de viajes,Aceite de Piedra,Leandro Valle Sur,Mariano Matamoros,Michoacán de Ocampo,Zitácuaro
,0416053f44864,Agencia de viajes,Ahora a Dónde Vamos,20 de noviembre,Centro Histórico,Michoacán de Ocampo,Morelia
,04160537899d9,Agencia de viajes,Sol Travel Morelia,Av. Guadalupe Victoria ,Prados Verdes,Michoacán de Ocampo,Morelia
,0216102a0047b,Alimentos y bebidas,LOBBY BAR LA CHARANDA,Boulevard Industrial,Villa Uruapan,Michoacán de Ocampo,Uruapan
,0416076a78219,Agencia de viajes,Viajes Jorge,Santiago,Centro,Michoacán de Ocampo,Sahuayo
,0416108cd1d45,Agencia de viajes,Viajes El Corte Ingles,Zamora La Barca,El Cerrito de Catipuato (Cerrito de Ortiz),Michoacán de Ocampo,Zamora
,0416053aff78e,Agencia de viajes,Viajes cavi,Magnolia ,Las Flores,Michoacán de Ocampo,Morelia
,04160663a3096,Agencia de viajes,ARROP Agencia de Viajes by fraVEO,PRIV DE LOS TANQUES,Corazón de Durazno,Michoacán de Ocampo,Pátzcuaro
,0516082e5f9bb,Transportadora turística,Operadora Turística puerta del Cielo,Ignacio zaragoza,Tacambaro de Codallos Centro,Michoacán de Ocampo,Tacámbaro
,051605314caee,Transportadora turística,Tranvía Pátzcuaro,Avenida Francisco I Madero Pte,Centro Histórico,Michoacán de Ocampo,Morelia
,0416053da8832,Agencia de viajes,El Osito Viajero,Dalia,Ampliación El Porvenir,Michoacán de Ocampo,Morelia
,0416053d285fa,Agencia de viajes,Oli On Agencia de Viajes,Real del Sendero,Loma Real,Michoacán de Ocampo,Morelia
,0416066b91bd2,Agencia de viajes,ARROP Agencia de Viajes by fraVEO,PRIV DE LOS TANQUES,Corazón de Durazno,Michoacán de Ocampo,Pátzcuaro
,0116008431fef,Hospedaje,Cabañas Turística La Palma Sola,La Palma,La Palma Sola,Michoacán de Ocampo,Aquila
,11160030ef5a8,Arrendadora de autos,Hertz,CARRETERA MORELIA ZINAPÉCUARO KM. 27 ,Álvaro Obregón,Michoacán de Ocampo,Álvaro Obregón
,11161022b6a0f,Arrendadora de autos,Hertz,Av. Latinoamericana,San José Obrero,Michoacán de Ocampo,Uruapan
,0416070484452,Agencia de viajes,AGENCIA DE VIAJES 11.11,VICENTE GUERRERO,Purépero de Echáiz,Michoacán de Ocampo,Purépero
,0416053ef7fee,Agencia de viajes,Viajando del Tingo al Tango,Lago de Camécuaro,Ventura Puente,Michoacán de Ocampo,Morelia
,0416053468b05,Agencia de viajes,Agencia de Viajes Kohoutek,Avenida Madero Oriente ,Centro Histórico,Michoacán de Ocampo,Morelia
,011610858ac4c,Hospedaje,HOTEL CORREGIDORA,CORREGIDORA OTE. ,Zamora de Hidalgo Centro,Michoacán de Ocampo,Zamora
,0416053ff4723,Agencia de viajes,AULEX TURISTERIA ,Boulevard Fuentes de Morelia,Fuentes de Morelia,Michoacán de Ocampo,Morelia
,041607660c8e9,Agencia de viajes,Viajes Jorge,Constitución,Centro,Michoacán de Ocampo,Sahuayo
,04161021cfe48,Agencia de viajes,Bonitravel.oficial,Av Juárez,Villa de La Magdalena,Michoacán de Ocampo,Uruapan
,04160530c1f69,Agencia de viajes,VENTURISMO TORREON NUEVO ,AVENIDA TORREON NUEVO,Loma Real,Michoacán de Ocampo,Morelia
,0416053d8f6a5,Agencia de viajes,Viagente,fernando montes de oca,Chapultepec Norte,Michoacán de Ocampo,Morelia
,1116102b5c183,Arrendadora de autos,Thrifty,Av. Latinoamericana,Las Hadas,Michoacán de Ocampo,Uruapan
,0416053dfc728,Agencia de viajes,VENTURISMO TECNOLOGICO,PERIFERICO PASEO DE LA REPUBLICA ,Santiaguito,Michoacán de Ocampo,Morelia
,0516053fe27b2,Transportadora turística,TURISTICOS MEXTOURS MORELIA,EDUARDO RUIZ,Centro Histórico,Michoacán de Ocampo,Morelia
,01160088e12e7,Hospedaje,Parador Turístico La Ticla ,corredor playa la ticla,La Ticla,Michoacán de Ocampo,Aquila
,0216008cad201,Alimentos y bebidas,Parador Turístico La Ticla,corredor playa la ticla,La Ticla,Michoacán de Ocampo,Aquila
,04160532ad892,Agencia de viajes,Miss Tours Mx,Colegio Militar,Chapultepec Sur,Michoacán de Ocampo,Morelia
,04160532ff771,Agencia de viajes,Traveleros ,Av. Lázaro Cárdenas,Chapultepec Norte,Michoacán de Ocampo,Morelia
,0416053cb0658,Agencia de viajes,Boujee Travel Studio,FINLANDIA,Arboledas,Michoacán de Ocampo,Morelia
,0416053fd1748,Agencia de viajes,Viajes Don Chucho,Av. Madero Poniente,Centro Histórico,Michoacán de Ocampo,Morelia
,35160531e8eb0,Tour operador,Grupo Monarca,Av. del Maestro,Matamoros,Michoacán de Ocampo,Morelia
,0416006972e50,Agencia de viajes,Rosale’s Adventures ,Dr. Francisco Arganda,Palmira,Michoacán de Ocampo,Apatzingán
,04161025dbabe,Agencia de viajes,"Go travel, Go live",esgrima,Unidad Deportiva (Granjas de Bellavista),Michoacán de Ocampo,Uruapan
,04161121ad889,Agencia de viajes,Venturismo Zitácuaro,5 de Mayo Norte,Moctezuma,Michoacán de Ocampo,Zitácuaro
,0416053e5c3a0,Agencia de viajes,MP TRAVEL,AV TORREON NUEVO ,Loma Real,Michoacán de Ocampo,Morelia
,0416076128233,Agencia de viajes,VIAJAS PORQUE SI,Miguel Hidalgo,Centro,Michoacán de Ocampo,Sahuayo
,02160066e83c0,Alimentos y bebidas,"STARBUCKS COFFEE ""Paseo Akia Apatzingán""",AVENIDA JOSÉ MARÍA MORELOS PONIENTE,La Tamarindera,Michoacán de Ocampo,Apatzingán
,01160085ccd55,Hospedaje,COLOLA CAPITAL MUNDIAL DE LA TORTUGA NEGRA,CAMINO SIN NOMBRE,Colola,Michoacán de Ocampo,Aquila
,041600967751f,Agencia de viajes,Andariegos travel,20 de Noviembre,Morelos,Michoacán de Ocampo,Ario
,0416053c261ff,Agencia de viajes,VENTURISMO,CALZADA VENTURA PUENTE,Ventura Puente,Michoacán de Ocampo,Morelia
,041605320e192,Agencia de viajes,Calexa Travel,Charapan,Lomas de Guayangareo,Michoacán de Ocampo,Morelia
,01160532ee06a,Hospedaje,HOTEL VISTA EXPRESS MORELIA,AQUILES SERDAN,Centro Histórico,Michoacán de Ocampo,Morelia
,04160533834f7,Agencia de viajes,GPI VIAJES,Boulevard García de León,Chapultepec Sur,Michoacán de Ocampo,Morelia
,04161023d2806,Agencia de viajes,Ady Tours,Hermanos Flores Magón,Revolución,Michoacán de Ocampo,Uruapan
,04161020c907b,Agencia de viajes,AGENCIA DE VIAJES COMBI TOURS,Moctezuma,Ramon Farias,Michoacán de Ocampo,Uruapan
,01160662d0463,Hospedaje,CABAÑAS YUNUEN ,SIN NOMBRE ,Isla Yunuén,Michoacán de Ocampo,Pátzcuaro
,04160699dedb7,Agencia de viajes,AGENCIA JET,RIO CHILA,Melchor Ocampo,Michoacán de Ocampo,La Piedad
,0416102156ca8,Agencia de viajes,AG TOURS,Jerekua,Quirindavara,Michoacán de Ocampo,Uruapan
,04161020caea8,Agencia de viajes,Little Tours,Carrillo Puerto,San Juan Quemado,Michoacán de Ocampo,Uruapan
,0416053def74b,Agencia de viajes,Los Colores de mi México,5 de febrero Esq. Miguel Silva,Centro Histórico,Michoacán de Ocampo,Morelia
,0416053bbeb3c,Agencia de viajes,Globo Go,Av. Las Cañadas,Tres Marías,Michoacán de Ocampo,Morelia
,0416053422098,Agencia de viajes,Bidaia,AV. PEDREGAL,INFONAVIT La Colina,Michoacán de Ocampo,Morelia
,011606630f6d9,Hospedaje,HOTEL AHUMADA ,AHUMADA,Pátzcuaro Centro,Michoacán de Ocampo,Pátzcuaro
,041606678bfe0,Agencia de viajes,AMBAKITI TRAVEL,PASEO Y LIBRAMIENTO ,Ignacio Zaragoza,Michoacán de Ocampo,Pátzcuaro
,01160668957e5,Hospedaje,HOTEL SAN GABRIEL ,NAVARRETE,Pátzcuaro Centro,Michoacán de Ocampo,Pátzcuaro
,0216053fa01d6,Alimentos y bebidas,"STARBUCKS COFFEE ""Juan Pablo II Morelia DT """,JUAN PABLO II,Santa María de Guido,Michoacán de Ocampo,Morelia
,04161085057b5,Agencia de viajes,Vive Tours Experiences,Jardin de Los Olivos,Villas de Jericó,Michoacán de Ocampo,Zamora
,011606614cd53,Hospedaje,Hotel Hacienda Mariposas,Carretera Patzcuaro Santa Clara del cobre,Pátzcuaro,Michoacán de Ocampo,Pátzcuaro
,04160539fb0b2,Agencia de viajes,DULCE ESCAPE,RIO AMATLÁN,Ventura Puente,Michoacán de Ocampo,Morelia
,0416053d89f59,Agencia de viajes,Sabores y Paisajes,FRAY MANUEL NAVARRETE,Centro Histórico,Michoacán de Ocampo,Morelia
,04160767b22c4,Agencia de viajes,OCCITRAVEL,MARIANO MATAMOROS,Centro,Michoacán de Ocampo,Sahuayo
,02160792ffba4,Alimentos y bebidas,COCINA TRADICIONAL WENDY ,CALLEJÓN DE CERVANTES ,Zirahuén,Michoacán de Ocampo,Salvador Escalante
,041605356783c,Agencia de viajes,Viajes Cera,Av Acueducto,Centro Histórico,Michoacán de Ocampo,Morelia
,0116066d698a7,Hospedaje,HOTEL VALMEN,Lloreda,Pátzcuaro Centro,Michoacán de Ocampo,Pátzcuaro
,0416053b41fd9,Agencia de viajes,La Vaga Tours,Manantiales de Morelia,Los Manantiales de Morelia,Michoacán de Ocampo,Morelia
,041607027e310,Agencia de viajes,Sin Fronteras Purépero,Avenida Hidalgo,Purépero de Echáiz,Michoacán de Ocampo,Purépero
,0416053f51d25,Agencia de viajes,Cot Viajes / Casitas Ixtapa Beach,Fuentes de Villalongin,Fuentes de Morelia,Michoacán de Ocampo,Morelia
,04160531aa3c0,Agencia de viajes,Mont Blanc Tours,José Nicolás de Michelena,Mariano Michelena,Michoacán de Ocampo,Morelia
,0116008f08c0d,Hospedaje,CENTRO ECOTURISTICO AYUTL,Sin Nombre,Maruata,Michoacán de Ocampo,Aquila
,04160539d0145,Agencia de viajes,VENTURISMO DEL SUR,CONSTITUYENTE DE CHILPANCINGO,Andrés Quintana Roo,Michoacán de Ocampo,Morelia
,0416102d6b3ab,Agencia de viajes,Viajes Asombrosos UPN,c macarena,El Inguambo,Michoacán de Ocampo,Uruapan
,041607672efe2,Agencia de viajes,Viajes Coral,Prolongación Constitución,Las Brisas,Michoacán de Ocampo,Sahuayo
,04160539ba8a5,Agencia de viajes,Melinna´s Travel´s,Aragonita,La Calera,Michoacán de Ocampo,Morelia
,0416053396ea1,Agencia de viajes,RS VIAJES COSMOS,VIRGO,Cosmos,Michoacán de Ocampo,Morelia
,041608854e0a0,Agencia de viajes,Sandy´s Travel,Av. Paseo Valle Real ,El Cuitzillo Chico,Michoacán de Ocampo,Tarímbaro
,04160533d222c,Agencia de viajes,Viajes Bumeran Regal,Cobalto,Industrial,Michoacán de Ocampo,Morelia
,0416053a4a71f,Agencia de viajes,Viajes Todos a Bordo,Artilleros del 47,Chapultepec Sur,Michoacán de Ocampo,Morelia
,011605877dc3f,Hospedaje,Centro Ecoturístico Patzingo,Mariana Matamoros,San Mateo,Michoacán de Ocampo,Nuevo Parangaricutiro
,04160584a48ed,Agencia de viajes,Centro Ecoturístico Patzingo,Avenida Mariano Matamoros,San Mateo,Michoacán de Ocampo,Nuevo Parangaricutiro
,0216058beeeaa,Alimentos y bebidas,Centro Ecoturístico Patzingo,Av. Mariano Matamoros ,San Mateo,Michoacán de Ocampo,Nuevo Parangaricutiro
,041610261adde,Agencia de viajes,AMAZING EXPERIENCIAS,ANDADOR CONCORDE,Aeropuerto INFONAVIT,Michoacán de Ocampo,Uruapan
,0116008a79b9a,Hospedaje,CENTRO ECOTURISTICO FARO DE BUCERIAS,Sin Nombre,El Faro de Bucerías,Michoacán de Ocampo,Aquila
,3116053b907b0,Guía de turistas,Rosalba Coria Calderón ,Zaragoza,Centro Histórico,Michoacán de Ocampo,Morelia
,3116053536ce2,Guía de turistas,Gabriel Chávez Villa,Zaragoza,Centro Histórico,Michoacán de Ocampo,Morelia
,01160532b7559,Hospedaje,Hotel Casa Morelia,Galeana ,Centro Histórico,Michoacán de Ocampo,Morelia
,31160531c92a7,Guía de turistas,Andrés Orozco Fraga,Curtidores de Teremendo,Vasco de Quiroga,Michoacán de Ocampo,Morelia
,3116053f5cd55,Guía de turistas,Alejandra Tanairi Guía Velázquez,Paseo del Tabachin,Prados Verdes,Michoacán de Ocampo,Morelia
,3516053bf7486,Tour operador,TTM TOURS CONECTANDO EXPERIENCIAS ,Ignacio Zaragoza,Centro Histórico,Michoacán de Ocampo,Morelia
,0416082b38427,Agencia de viajes,RS VIAJES TECARIO,JOSE ORTIZ DE DOMINGUEZ,Tecario,Michoacán de Ocampo,Tacámbaro
,01160665a93da,Hospedaje,HOTEL POSADA SAN AGUSTIN ,PORTAL JUÁREZ ,Pátzcuaro Centro,Michoacán de Ocampo,Pátzcuaro
,04160531cef57,Agencia de viajes,Viajes Zago,Paquinhuata,Félix Ireta,Michoacán de Ocampo,Morelia
,0416053d5fcb3,Agencia de viajes,Travel Express,Av. Acueducto ,Chapultepec Norte,Michoacán de Ocampo,Morelia
,0416102042a3d,Agencia de viajes,Travel Chris By Fraveo,05 de Febrero ,Uruapan Centro,Michoacán de Ocampo,Uruapan
,2816034d5d46b,Balneario y parque acuático,Campamento Turístico Rancho Viejo,Carretera San pedro Jacuaro/Jerahuaro,Los Tejamaniles (Rancho Viejo),Michoacán de Ocampo,Hidalgo
,011605312f2a5,Hospedaje,Hotel Diana del Bosque,Rafael Carrillo,Cuauhtémoc,Michoacán de Ocampo,Morelia
,02160534131db,Alimentos y bebidas,Restauran del Bosque,Rafael Carrillo,Cuauhtémoc,Michoacán de Ocampo,Morelia
,021610272eb15,Alimentos y bebidas,Espacio Anapu,Emilio Carranza,Uruapan Centro,Michoacán de Ocampo,Uruapan
,04160533acc28,Agencia de viajes,Un Nuevo Paraiso,Priv. Valle de las Piedras,San Pedro,Michoacán de Ocampo,Morelia
,04160732a6bb2,Agencia de viajes,Valdovinos Tours,Berriozabal,Quiroga,Michoacán de Ocampo,Quiroga
,01160349764ed,Hospedaje,Campamento Turístico Rancho Viejo,Carretera San pedro Jacuaro/Jerahuaro,Los Tejamaniles (Rancho Viejo),Michoacán de Ocampo,Hidalgo
,041608214da2a,Agencia de viajes,TOGO TRAVELS ,AV. LAZARO CARDENAS ,Tacambaro de Codallos Centro,Michoacán de Ocampo,Tacámbaro
,2716053c22aa1,Agencia integradora de servicios,NANCY GARNICA ORGANIZADORA DE EVENTOS ,HOLANDA,Villa Universidad,Michoacán de Ocampo,Morelia
,0516053b04a34,Transportadora turística,Turismo Explorando México ,Capitan Victor Bravo,Sitio de Cuautla,Michoacán de Ocampo,Morelia
,0416053a59e99,Agencia de viajes,Viajes Don Chava,Melchor Ocampo,Felicitas del Río,Michoacán de Ocampo,Morelia
,0416102762631,Agencia de viajes,Agencia de Viajes El Angel del Mar,Checoslovaquia,Los Aguacates,Michoacán de Ocampo,Uruapan
,04160532342bf,Agencia de viajes,Sunset Travel,Teniente Coronel José María Olvera,Nueva Chapultepec,Michoacán de Ocampo,Morelia
,041610282bc3a,Agencia de viajes,D'Aventura,PLATINO ,Revolución,Michoacán de Ocampo,Uruapan
,041606532d539,Agencia de viajes,B Solutions Agencia de Viajes y Tramites Migratorios,Amado Nervo,Paracho de Verduzco Centro,Michoacán de Ocampo,Paracho
,0416053473cbd,Agencia de viajes,EXENARI,VENTURA PUENTE,Electricistas,Michoacán de Ocampo,Morelia
,0416102ae7a14,Agencia de viajes,RS VIAJES NIETO,EUCALIPTOS,Miraflores,Michoacán de Ocampo,Uruapan
,3516112c6a523,Tour operador,AEROSIM,CARR. MOR KM 107,La Resistol (Segunda Manzana de San Felipe),Michoacán de Ocampo,Zitácuaro
,02161006a4847,Alimentos y bebidas,LAS YACATAS ,LAS YACATAS ,Tzintzuntzan,Michoacán de Ocampo,Tzintzuntzan